customer_code,name,email,phone,fax,address,tax_id,contact_name,contact_phone,contact_email,contact_line,account_code,sales_rep,sales_area,credit_terms,company
"C00001","บริษัท ไอพีเอ็ม เทคโนเวชั่น จำกัด","","02-531-1891","","115 ซอยพหลโยธิน 54/4 แยก3-4 (ขานไข 2) แขวงสายไหม เขตสายไหม กรุงเทพทมหานคร 10220","","","02-531-1891","","","","S002","","0","Shinwa Anzen"
"C00002","บริษัท อัสซ่า อะบลอย (ประเทศไทย)","","027227371","027227375","1919 อาคารปรีชากรุ๊ป ชั้น 5 ถ.พัฒนาการ แขวงสวนหลวง เขตสวนหลวง กรุงเทพ 10250","","คุณเอก","027227371","","","112001","S002","001","30","Shinwa Anzen"
"C00003","The Stock Exchange of Thailand","diloke@set.or.th","022292429","","62 Ratchadaphisek Road Klongtoey Bangkok 10110","","Diloke","022292429","diloke@set.or.th","","112001","S001","001","30","Shinwa Anzen"
"C00004","บริษัท แฟคซิลิตี้ แมนเนจเมนท์ จำกัด","sudarut@security.co.th","02641 5454","02641 5453","976/3 ซอยแสงแจ่ม ถนนริมคลองสามเสน แขวงบางกะปิ เขตห้วยขวาง กรุงเทพมหานคร 10310","","","02641 5454","sudarut@security.co.th","","111100","S001","001","30","Shinwa Anzen"
"C00005","International Computing And Networking Co.Ltd.,","sutham.y@ican.co.th","022723111","022723115","102 Soi Yasoob1 Vipavadee-Rangsit Road Jompol Jatujak BANGKOK 10900","","Sutham","022723111","sutham.y@ican.co.th","","111100","S001","001","30","Shinwa Anzen"
"C00006","P.A EVOLUTION SUPPLIES CO.,LTD","pa.evolution.supplies@gmail.com","02 375 1138","","86 Soi Latphrao 107 Latphrao Rd. Klongjan, Bangkapi BANGKOK 10240","","Surasak Amornsilapakorn","02 375 1138","pa.evolution.supplies@gmail.com","","","S001","001","0","Shinwa Anzen"
"C00007","Combine Tech Engineering and System Co., Ltd.","iamchatchaik@yahoo.com","02 949 8206","02 949 8205","89/643 Moo6, Ramintra Road Tharaeng, Bangkhen Bangkok 10220","","Khun Chatchai","02 949 8206","iamchatchaik@yahoo.com","","","","","0","Shinwa Anzen"
"C00008","นิติบุคคลอาคารชุดแฮมป์ตันทองหล่อ 10","","02 392 4453","02 392 4456","324 ซ.สุขุมวิท 55 ถ.สุขุมวิท แขวงคลองตันเหนือ เขตทวีวัฒนา กรุงเทพฯ 10110","","","02 392 4453","","","","S002","","0","Shinwa Anzen"
"C00009","บริษัท นายอ้วนเย็นตาโฟเสาชิงช้า จูเนียร์ จำกัด","","","","62 ถนนมหรรณพ แขวงเสาชิงช้า เขตพระนคร กรุงเทพมหานคร กรุงเทพฯ 10200","","","","","","","S001","001","0","Shinwa Anzen"
"C00010","บริษัท พลัสเทคโนโลยี จำกัด","","038-026043","","44/22-23 ถนนสุขุมวิท ตำบลมาบตาพุต อำเภอเมือง จังหวัดระยอง 21000","","","038-026043","","","","S002","","0","Shinwa Anzen"
"C00011","บ. คอมฟอร์ทต้า จำกัด","","02-2401331-2","","25/ อาคารเกษมธนกุล ซอยพระยาพิเรนทร์ ถนนเชื้อเพลิง กรุงเทพมหานคร 10120","","คุณพิชญ","02-2401331-2","","","","S002","001","0","Shinwa Anzen"
"C00012","บริษัท สินธร ฟู้ด มาร์เก็ต จำกัด","","","","130-132 อาคารสินธร ทาวเวอร์ 1 ชั้น B ถ.วิทยุ แขวงลุมพินี เขตปทุมวัน กรุงเทพมหานคร 10330","","","","","","","S002","","0","Shinwa Anzen"
"C00013","บ. คอมฟอทต้า จำกัด","","02-2401331-2","02-6711195","เลขที่ 25/1 ชั้น 1,2 ซอยพระยาพิเรนทร์ ถนนเชื้อเพลิง แขวงทุ่งมหาเมฆ เขตสาทร กรุงเทพมหานคร 10120","","คุณพิชญ","02-2401331-2","","","","S002","","0","Shinwa Anzen"
"C00014","บริษัท อาร์เอฟไอดี จำกัด","wiroten@id.co.th","02 582 3714","02 962 0816","99/28 อาคารซอฟท์แวร์ปาร์ค ชั้น 7 ถนนแจ้งวัฒนะ ตำบลคลองเกลือ อำเภอปากเกร็ด จ.นนทบุรี 11120","","Khun Wirote","02 582 3714","wiroten@id.co.th","","","","","0","Shinwa Anzen"
"C00015","ห้างหุ้นส่วนจำกัด ไซคอน เทค ซัพพลาย","sales_cycontech@hotmail.com","023134679","023134494","444/112 หมู่ที่ 2 ถนนเทศบาลบางบ่อ ตำบลบางบ่อ อำเภอบางบ่อ สมุทรปราการ 10560","","คุณต่าย","023134679","sales_cycontech@hotmail.com","","111100","S002","001","30","Shinwa Anzen"
"C00017","โรงเรียนกรุงเทพคริสเตียนวิทยาลัย","","02 6371852","02 637 1895","35 ถนนประมวญ แขวงสีลม เขตบางรัก กรุงเทพฯ 10500","","อ.สุวัฒน์","02 6371852","","","","","","0","Shinwa Anzen"
"C00018","บริษัท พระนครมอเตอร์ อินดัสตรี จำกัด","","02 454 2480","02 455 3780","1245 ถนนเพชรเกษม แขวงหลักสอง เขตบางแค กรุงเทพฯ 10160","","Khun Uthumpom","02 454 2480","","","","S001","001","0","Shinwa Anzen"
"C00019","บจก.องค์การเภสัชกรรม-เมอร์ริเออร์ชีววัตถุ","chawallanat.umpech@gpo-mbp.com","038 579 200","","241 หมู่ 7 ต.หัวสำโรง อ.แปลงยาว ฉะเชิงเทรา 24190","","Khun Chawallanat","038 579 200","chawallanat.umpech@gpo-mbp.com","","","","","0","Shinwa Anzen"
"C00020","บริษัท เจ เอส ยู ที จำกัด","","02-2753675-6","02-2753674","เลขที่ 200 อาคารทศพล ห้อง 4A ถนนรัชดาภิเษก แขวงห้วยขวาง เขตห้วยขวาง กรุงเทพฯ 10310","","","02-2753675-6","","","","S001","001","0","Shinwa Anzen"
"C00021","บริษัท อาร์เอฟไอดี จำกัด","","","","99/28 อาคารซอฟท์แวร์ปาร์ค ชั้น 7 ถนนแจ้งวัฒนะ ตำบลคลองเกลือ อำเภอปากเกร็ด นนทบุรี 11120","","คุณวิโรจน์","","","","","","","0","Shinwa Anzen"
"C00023","Surin Bay Co., Ltd","it@thesurinphuket.ocm","076 621 580","076 621 585","118 Moo3 Choengtalay Talang PHUKET 83110","","","076 621 580","it@thesurinphuket.ocm","","","S001","","0","Shinwa Anzen"
"C00024","HERITAGE ESTATES","pravit@heritageestates.co.th","026640895","026641515","219/18 6th Floor Asoke Tower Soi Asoke, Sukhumvit 21 Road, Nort Khlongtoey, Wattana BANGKOK 10110","","Khun Pravit","026640895","pravit@heritageestates.co.th","","","","","0","Shinwa Anzen"
"C00025","นิติบุคคลอาคารชุด วิวทะเล เรสซิเด้นซ์ คอนโดมิเนียม","","","","489 หมู่ 12 ซอย 5 จอมเทียน ต.หนองปรือ อ.บางละมุง จ.ชลบุรี 20150","","","","","","","S002","001","0","Shinwa Anzen"
"C00026","บจก.ซิลค์ส เว็บส์เตอร์ส คอร์เปอเรชั่น","","02-706-9000","","918 หมู่ 8 ตำบลบางแก้ว อำเภอบางพลี สมุทรปราการ 10540","","","02-706-9000","","","","","","0","Shinwa Anzen"
"C00027","GU RICH COMPANY LIMITED","korngkarn.siriporn@lemeridien.com","+66 77 458 637","+66 77 962 539","146/24 Moo4, Lamai Beach Maret, Koh Samui SURATTHANI 84310","","Khun Siriporn Krongkarn","+66 77 458 637","korngkarn.siriporn@lemeridien.com","","","","","0","Shinwa Anzen"
"C00028","Surin Bay Co., Ltd","purchase@thesurin.com","076-62 1580","076-62 1585","118 Moo3 Cherngtalay Talang PHUKET 83110","","Khun Phong","076-62 1580","purchase@thesurin.com","","","","","0","Shinwa Anzen"
"C00029","บริษัท แกรนด์ เอ พร็อพเพอร์ตี จำกัด","saowanit@praempracha.com","","","1/999 หมู่ที่ 16 บางกระสัน บางปะอิน พระนครศรีอยุธยา","","คุณหน่อย","","saowanit@praempracha.com","","","","","0","Shinwa Anzen"
"C00030","LE MERIDIEN KOH SAMUI RESORT & SPA","krongkarn.siriporn@lermeridien.com","07796 0888","07796 2539","146/24 Moo 4, Lamai Beach Maret, Koh Sarnui SURATTHANI 84310","","Khun Siriporn Krongkarn","07796 0888","krongkarn.siriporn@lermeridien.com","","","S002","","0","Shinwa Anzen"
"C00031","บริษัท พุฒิพงศ์ พรือพเพอร์ตี้ จำกัด","saowanit-b@hotmail.com","035 274 777","035 262 400","1/999 หมู่ 16 ต.บางกระสั้น อบางปะอิน. พระนครศรีอยุธยา 13160","","คุณเสาวนิตย์ บุญเกิด","035 274 777","saowanit-b@hotmail.com","","","","","0","Shinwa Anzen"
"C00032","บ. ที.พี.จี. โซลูชั่น จำกัด","","0835946953","","6/1 ซอยลาดปลาเค้า 72 แยก 4 ถนนลาดปลาเค้า แขวงอนุสาวรีย์ เขตบางเขน กทม. 10200","","","0835946953","","","","S002","","0","Shinwa Anzen"
"C00033","บ. เอ็กที เอนเทค จำกัด","peerawut.c@xtentech.com","020754896","02075897","เลขที่ 54 ซอยเพชรเกษม 39/3 แขวงบางแค เขตบางแค กรุงเทพมหานคร 10160","","Khun Peerawut","020754896","peerawut.c@xtentech.com","","","","001","0","Shinwa Anzen"
"C00034","บริษัท ซี เทค จำกัด","secutech@hotmail.com","024296466","028144226","49/172 หมู่ 5 ถนนพุทธมณฑลสาย 4 แขวงทวีวัฒนา เขตทวีวัฒนา กรุงเทพ 10170","","Khun Auttarat","024296466","secutech@hotmail.com","","","","","0","Shinwa Anzen"
"C00035","ลูกบ้าน 2605","","","","2605 อาคารชุดพาร์ค24 นิติบุคคลอาคารชุด 1 ชั้น35 สุขุมวิท 24 แขวงคลองตัน เขตคลองเตย กรุงเทพมหานคร","","","","","","","S002","","0","Shinwa Anzen"
"C00036","บริษัท เค.เอส.ที. เอ็นจิเนีย ง แอนด์ เทคโนโลยี จำกัด","","02 532 6250","","77/30 หมู่ 4 ต.บึงคำสร้อย อ.ลำลูกกา ปทุมธานี 12150","","","02 532 6250","","","","","","0","Shinwa Anzen"
"C00037","บริษัท เอสอาร์ที ซัพพลาย แอนด์ เซอร์วิส จำกัด","s_urachate@hotmail.com","","","189/210 หมู่ 3 ต.บึงสนั่น อ.ธัญบุรี ปทุมธานี 12110","","Surachate Talyoung","","s_urachate@hotmail.com","","","","","0","Shinwa Anzen"
"C00038","พริมม์ คูห์ศรีวินิจ","","","","119/99 ซ.ร่วมฤดี ลุมพินี ปทุมวัน กรุงเทพมหานคร 10330","","","","","","","S002","","0","Shinwa Anzen"
"C00039","PIRAMID Solutions Co., Ltd","pongsak@psolutions.co.th","029576033","029576034","99/349 Na Nakorn Bldg Chaengwatana Rd., Tung Song Hong, Laksi Bangkok 10210","","Khun Pongsak","029576033","pongsak@psolutions.co.th","","","","","0","Shinwa Anzen"
"C00040","Pointer Asia Limited","","027161800","027161801","2034/72, 15th Floor ItalThai Tower New Phetchburi Road, Bangkapi, Huay-kwang, BANGKOK 10320","","Khun Zarut","027161800","","","","S001","001","0","Shinwa Anzen"
"C00041","Fortress Land Security Systems","","","","","","Sam","","","","","","","0","Shinwa Anzen"
"C00042","บริษัทดีเซม เทคโนโลยี จำกัด","","","","327/1 ลาดพร้าวซอย 26 ถนนลาดพร้าว แขวงจอมพล เขตจตุจักร กรุงเทพ 10900","","","","","","","","","0","Shinwa Anzen"
"C00043","Pointer LLC","","+968 9581 5621","","P.O Box 3390, Ruwi 112 Sultanate of Oman","","Khun Zaruth","+968 9581 5621","","","","รหัส","","0","Shinwa Anzen"
"C00044","Ernst & Young","Sukrit.Lawvittayalertnapa@th.ey.com","+66-2264-0777","+66-2264-0789","33rd Floor, Lake Rajada Office Complex 193/136-137 Rajadapisek Rd. Klongtoey BANGKOK 10110","","Sukrit Lawwittayalertnapa","+66-2264-0777","Sukrit.Lawvittayalertnapa@th.ey.com","","","","","0","Shinwa Anzen"
"C00045","บริษัท เตียวฮง เย็นจิเนียริง จำกัด","","026780465","026780469","97 นราธิวาสราชนครินทร์ แขวงช่องนนทรี เขตยานนาวา กรุงเทพฯ 10120","","คุณปู","026780465","","","","S001","001","0","Shinwa Anzen"
"C00046","นิติบุคคลอาคารชุด อีควิน็อคซ์พหล-วิภา","","","","345 ถ.วิภาวดี แขวงจอมพล เขตจตุจักร กรุงเทพมหานคร 10900","","","","","","","S002","","0","Shinwa Anzen"
"C00047","บริษัท รักษาความปลอดภัย ไทยซีคอม จำกัด","","02-685-3999","","989 อาคารคิงบริดจ์ทาวเวอร์ ชั้น 11-12 ถนนพระราม 3 แขวงบางโพงพาง เขตยานนาวา กรุงเทพมหานคร 10120","","","02-685-3999","","","","S002","","0","Shinwa Anzen"
"C00048","Key Point Solution Co.,Ltd","","027416675","027416676","44/5 Soi Sam Phop Nurumit Sukhumvit Rd., Bangjak, Prakanong Bangkok 10260","","","027416675","","","","S001","001","0","Shinwa Anzen"
"C00049","บริษัท ยูบิลลี เอ็นเตอร์ไพรส์ จำกัด (มหาชน)","","","","21 ถนนสีลม เขตบางรัก กรุงเทพ 10500","","","","","","","","","0","Shinwa Anzen"
"C00050","บมจ. แอดวานซ์ อินโฟร์ เซอร์วิส","","","","95/94 หมู่ 1 ถ.เลี่ยงเมือง ตบาง.กุ้ง อ.เมือง สราษฎร์ธานี 84000","","คุณสมโชค ขวัญมาศ","","","","","","","0","Shinwa Anzen"
"C00051","First Pacific Harrison Co., Ltd.","","","","296/7 Nanglincee Road Chongnonsee, Yannawa Bangkok 10120","","","","","","","","","0","Shinwa Anzen"
"C00052","กองทุนบำเหน็จบำนาญข้าราชการ","","02 651 5800","02 251 6130","93/1 ถ.วิทยุ แขวงลุมพินี เขตปทุมวัน กรุงเทพ 10330","","คุณทวี กันทาสี","02 651 5800","","","","S002","","0","Shinwa Anzen"
"C00053","บริษัท สมาร์ท เซอร์วิส แอนด์ แมเนจเม้นท์ จำกัด","","02 261 7788","02 261 9793","170/60 ชั้น 16 อาคารโอเซ็นทาวเวอร์ 1 ถ.รัชดาภิเษกตัดใหม่ แขวงคลองเตย เขตคลองเตย กรุงเทพ 10110","","","02 261 7788","","","","","","0","Shinwa Anzen"
"C00054","มุกครินทร์ เตียวสกุล","","","","68/165 ชั้น 15 ตึก 2 ซอยสุขุมวิท 24 แขวงคลองตัน เขตคลองเตย กรุงเทพมหานคร 10110","","","","","","","S002","","0","Shinwa Anzen"
"C00055","นิติบุคคลอาคารชุด คิวเฮ้าส์ คอนโด สาทร","","02-4384218-9","","18 ถนนกรุงธนบุรี แขวงต้นไทร เขตคลองสาน กรุงเทพมหานคร 10600","","","02-4384218-9","","","","S002","","0","Shinwa Anzen"
"C00056","The Address Sathon Juristic Person","","","","98 Sathron Road, Silom Bangrak Bangkok 10500","","","","","","","","","0","Shinwa Anzen"
"C00057","นิติบุคคลอาคารชุด เออร์บาโน่ แอบโซลูท สาทร-ตากสิน","","096-096-8851","","345 ถนนกรุงธนบุรี แขวงคลองตันไทร เขตคลองสาน กรุงเทพมหานคร 10600","","","096-096-8851","","","","S002","","0","Shinwa Anzen"
"C00058","International SOS Services (Thailand) Limited","theerada.w@internationalsos.com","02 205 7755","02 205 7777","93/1 GPF Witthayu Towers, Tower B 11th Floor, Wireless Road, Lumpini, Pathumwan BANGKOK 10330","","","02 205 7755","theerada.w@internationalsos.com","","","","","0","Shinwa Anzen"
"C00059","The River Condominium Juristic Person","dirok@raimonland.com","028613111","028613232","110 Soi Charoennakom 131, Charoennakorn Road Klongtonsai, Klongsan Bangkok 10600","","Khun Dilok","028613111","dirok@raimonland.com","","","S001","001","0","Shinwa Anzen"
"C00060","บริษัท ผลิตไฟฟ้าราชบุรีโฮลดิ้ง จำกัด (มหาชน)","chaiyapornp@ratch.co.th","02 794 9961","02 794 9888","8/8 หมู่ที่ 2 ถนนงามวงศ์วาน ตำบลบางเขน อำเภอเมือง นนทบุรี 11000","","คุณชัยพร ประมวลรัฐการ","02 794 9961","chaiyapornp@ratch.co.th","","","","","0","Shinwa Anzen"
"C00061","Ocean Residential Property Co., Ltd.","","038-757-080","","406/329-332, Moo 12, Thappraya Rd. Nongprue, Banglamung CHONBURI 20150","","","038-757-080","","","","","","0","Shinwa Anzen"
"C00062","IPROTECH SYSTEMS","","","","1385 ซ.สุขสวัสดิ์ 26 แขวงบางปะกอก กรุงเทพฯ 10140","","","","","","","","","0","Shinwa Anzen"
"C00063","บริษัท ผลิตไฟฟ้าราชบุรีโฮลดิ้ง จำกัด","suwijukb@ratch.co.th","02794 9999","02794 9998","8/8 หมู่ 2 ถนนงามวงศ์วาน ตำบลบางเขน อำเภอเมืองนนทบุรี นนทบุรี 11000","","Khun Suwijuk","02794 9999","suwijukb@ratch.co.th","","","","","0","Shinwa Anzen"
"C00064","บริษัท บางกอกอลามซิสเต็มส์ จำกัด","","","","1040/16-17 ถนน สุขุมวิท ซอย 44 แแขวงพระโขนง เขต คลองเตย กรุงเทพฯ 10110","","","","","","","","","0","Shinwa Anzen"
"C00065","นิติบุคคลอาคารชุดไลฟ์ แอด สาธร10","suchada_n@smartservice.co.th","02 635 2389,081-803-3228","02 635 2002","48 ซ.ศึกษาวิทยา แขวงสีลม เขตบางรัก กรุงเทพ 10500","","","02 635 2389,081-803-3228","suchada_n@smartservice.co.th","","","S002","","0","Shinwa Anzen"
"C00066","นิติบุคคลอาคารชุด โนเบิล รีมิกซ์","nbr@century21.co.th","02-160-6001-3","02-1606004","772 ซอยสุขุมวิท 36 ถ.สุขุมวิท แขวงคลองตัน เขตคลองเตย BANGKOK 10110","","","02-160-6001-3","nbr@century21.co.th","","","S002","","0","Shinwa Anzen"
"C00067","นิติบุคคลอาคารชุดณุศาศิริ แกรนด์ คอนโด","nusasiri_j@hotmail.com","02-7136461","086-3451938","2/70 สุขุมวิท 42 ถนนสุขุมวิท แขวงพระโขนง เขตคลองเตย กรุงเทพฯ 10110","","","02-7136461","nusasiri_j@hotmail.com","","","S002","","0","Shinwa Anzen"
"C00068","นิติบุคคลอาคารชุด เดอะ พาโน","","02164-3400-2","02-164-3004","890 ถนนพระราม3 แขวงบางโพงพาง เขตยานนาวา BANGKOK 10120","","","02164-3400-2","","","","S002","","0","Shinwa Anzen"
"C00069","นิติบุคคลอาคารชุด ดิ อินฟินิตี้","Bkk_theinfinity@cbre.co.th","02-637-8623, 02-637-8626-7","02-637-8624","98 ถนนนราธิวาสราชนครินทร์ แขวงสีลม เขตบางรัก BANGKOK 10500","","","02-637-8623, 02-637-8626-7","Bkk_theinfinity@cbre.co.th","","","S002","","0","Shinwa Anzen"
"C00070","นิติบุคคลอาคารชุด Water Mark","buildingmanager.wtm@ocsthailand.com","02-4383444 ต่อ 503","02-438-3446","","","","02-4383444 ต่อ 503","buildingmanager.wtm@ocsthailand.com","","","S002","","0","Shinwa Anzen"
"C00071","นิติบุคคลอาคารชุด วิลล่า สาทร","Villasathorn.ppm@gmail.com","02-439254102","02-439-2544","99/9 ถนนกรุงธนบุรี แขวงคลองต้นไทร เขตคลองสาน กรุงเทพมหานคร 10600","","","02-439254102","Villasathorn.ppm@gmail.com","","","S002","","0","Shinwa Anzen"
"C00072","นิติบุคคลอาคารชุด Hive Sathon","info.hive@vpc.co.th","02-438 4411-2","02-438 4343","","","","02-438 4411-2","info.hive@vpc.co.th","","","S002","","0","Shinwa Anzen"
"C00073","PLUS PROPERTY COMPANY LIMITED.","","","","163 อาคารรัชต์ภาคย์ ชั้น 10 ถนนสุขุมวิท 21 (อโศก) แขวงคลองเตยเหนือ เขตวัฒนา BANGKOK 10110","","คุณวรรณ์วิษา เพชรใจศักดิ","","","","","","","0","Shinwa Anzen"
"C00074","นิติบุคคลอาคารชุด ศุภาลัย ปาร์ค แยกติวานนท์","spt@th.knightfrank.com","029158586","028158688","98 หมู่ 9 ถ.ประชาราษฎร์ ตำบลตลาดขวัญ อำเภอเมือง นนทบุรี 11000","","คุณก้องเกียรติ","029158586","spt@th.knightfrank.com","","","","","0","Shinwa Anzen"
"C00075","นิติบุคคลอาคารชุด เปรมสิริ บูทิค พาร์ค อาคาร เอ","","02 148 8434","","18 ถ.ประเสริฐมนูกิจ แขวงเสนานิคม เขตจตุจักร กรุงเทพ 10900","","คุณแพท","02 148 8434","","","","","","0","Shinwa Anzen"
"C00076","HIVE Sathorn","","","","","","คุณนัฐวุฒิ อำภา","","","","","","","0","Shinwa Anzen"
"C00077","นิติบุคคลอาคารชุด บ้านสิริฤดี ร่วมฤดี","","02-689-6295","","7 ซ.ร่วมฤดี ถ.เพลินจิต เขตลุมพินี แขวงปทุมวัน BANGKOK 10330","","","02-689-6295","","","","S002","","0","Shinwa Anzen"
"C00078","นิติบุคคลอาคารชุด 49 พลัส คอนโดมิเนียม","","","","41 ซอยสุขุมวิท 49 (กลาง) แขวงคลองตันเหนือ เขตวัฒนา BANGKOK 10110","","","","","","","S002","","0","Shinwa Anzen"
"C00079","นิติบุคคลอาคารชุด โนเบิล รีไฟน์","nbi@unitymanagement.co.th","02-108-6699","081-6385910","27 ซอยสุขุมวิท 26 ถนนสุขุมวิท แขวงคลองตัน เขตคลองเตย BANGKOK 10110","","","02-108-6699","nbi@unitymanagement.co.th","","","S002","","0","Shinwa Anzen"
"C00080","นิติบุคคลอาคารชุด ไอวี่ ทองหล่อ","","02-1780700","02-1780701","889 ซอยสุขุมวิท 55 (ทองหล่อ) แขวงคลองตันเหนือ เขตวัฒนา กรุงเทพฯ 10110","","","02-1780700","","","","S002","","0","Shinwa Anzen"
"C00081","นิติบุคคลอาคารชุด ไลฟ์แอดสุขุมวิท","","02-3929977","02-3929976","1451 ถนนสุขุมวิท แขวงพระโขนงเหนือ เขตวัฒนา BANGKOK 10110","","","02-3929977","","","","S002","","0","Shinwa Anzen"
"C00082","นิติบุคคลอาคารชุด บลอคส์ 77","","02-7303757","02-7303758","291 ซอยสุขุมวิท 77 (อ่อนนุช) แขวงพระโขนงเหนือ เขตวัฒนา กรุงเทพมหานคร 10260","","","02-7303757","","","","S002","","0","Shinwa Anzen"
"C00083","นิติบุคคลอาคารชุดเดอะ เบส","BASE-ON@plus.co.th","02-7403506-7","02-7403508","289 ซ.สุขุมวิท 77 (อ่อนนุช1) แขวงพระโขนงเหนือ เขตวัฒนา BANGKOK 10260","","","02-7403506-7","BASE-ON@plus.co.th","","","S002","","0","Shinwa Anzen"
"C00084","The Height Juristic Person","thi@untiymanagement.co.th","02-7138466-8","02-7138469","898 Soi Thonglor Klongton-Nua Wattana BANGKOK 10110","","","02-7138466-8","thi@untiymanagement.co.th","","","S002","","0","Shinwa Anzen"
"C00085","นิติบุคคลอาคารชุด โนเบิล ร่วมฤดี","","02-2557005","","","","","02-2557005","","","","S002","","0","Shinwa Anzen"
"C00086","นิติบุคคลอาคารชุด บ้านกลางกรุง สยาม-ปทุมวัน","","02-656-5353 ต่อ 2000-2006","02-656-5758","486 ถนนเพชรบุรี แขวงถนนเพชรบุรี เขตราชเทวี กรุงเทพมหานคร 10400","","","02-656-5353 ต่อ 2000-2006","","","","S002","","0","Shinwa Anzen"
"C00087","The Platinumfashion Mall Juristic Person","","02-121-8000 ต่อ 214","02-121-9009","222 11th Fl, The Platinum Fashion Mall, Petchaburi rd., Ratchthevee BANGKOK 10400","","","02-121-8000 ต่อ 214","","","","S002","","0","Shinwa Anzen"
"C00088","The Address Siam","","02-2543123 ต่อ 1114","02-2547888 ต่อ 1111","456 ถนนเพชรบุรี แขวงเพชรบุรี เขตราชเทวี BANGKOK 10400","","","02-2543123 ต่อ 1114","","","","S002","","0","Shinwa Anzen"
"C00089","นิติบุคคลอาคารชุด โนเบิล รีไฟน์","Onbi@unitymanagement.co.th","02-1086699","","27 ซอยสุขุมวิท 26 ถนนสุขุมวิท แขวงคลองตัน เขตคลองตัน BANGKOK 10110","","","02-1086699","Onbi@unitymanagement.co.th","","","S002","","0","Shinwa Anzen"
"C00090","นิติบุคคลอาคารชุด วิลล่า ราชเทวี","villarachatewi@savills.co.th","02-1699401-3","02-1699404","83 อาคารชุดวิลล่า ราชเทวี ถนนพญาไท แขวงพญาไท เขตราชเทวี กรุงเทพมหานคร 10400","","","02-1699401-3","villarachatewi@savills.co.th","","","S002","","0","Shinwa Anzen"
"C00091","นิติบุคคลอาคารชุด ไพน์ บาย แสนสิริ","bm_pyne@plus.co.th","02-6113007-8","02-6113009","298 ถนนพญาไท แขวงถนนเพชรบุรี เขตราชเทวี กรุงเทพมหานคร 10400","","","02-6113007-8","bm_pyne@plus.co.th","","","S002","","0","Shinwa Anzen"
"C00092","นิติบุคคลอาคารชุด ไอดีโอ คิว พญาไท","ideo.pt@gmail.com","02-1633222","02-1633333","138 ถนนพญาไท แขวงทุ่งพญาไท เขตราชเทวี กรุงเทพมหานคร 10400","","","02-1633222","ideo.pt@gmail.com","","","S002","","0","Shinwa Anzen"
"C00093","นิติบุคคลอาคารชุด พรีเว่ บาย แสนสิริ","bm_pbs@plus.co.th","02-6273355","02-627-3358","068 ซ.ร่วมฤดี ถนนเพลินจิต แขวงลุมพินี เขตปทุมวัน กรุงเทพมหานคร 10330","","","02-6273355","bm_pbs@plus.co.th","","","S002","","0","Shinwa Anzen"
"C00094","นิติบุคคลอาคารชุดไลฟ์ แอด รัชดา-สุทธิสาร","life.rs.office@gmail.com","02-2749288","","332 ถนนรัชดาภิเษก แขวงสามเสนนอก เขตห้วยขวาง กรุงเทพมหานคร 10310","","","02-2749288","life.rs.office@gmail.com","","","S002","","0","Shinwa Anzen"
"C00095","นิติบุคคลอาคารชุด ไลฟ์ รัชดาภิเษก","liferatchadapisek@gmail.com","02-2741254","","279 ถนนรัชดาภิเษก แขวงห้วยขวาง เขตห้วยขวาง กรุงเทพมหานคร 10310","","","02-2741254","liferatchadapisek@gmail.com","","","S002","","0","Shared"
"C00096","นิติบุคคลอาคารชุด ริ ม รัชดา","rhythmratchada@savills.co.th","","","558 ถนนรัชดาภิเษก แขวงสามเสนนอก เขตห้วยขวาง กรุงเทพมหานคร 10310","","","","rhythmratchada@savills.co.th","","","S002","","0","Shinwa Anzen"
"C00097","นิติบุคคลอาคารชุด ไอวี่ ปิ่นเกล้า","IvyPinklao@luvproperty.biz","02-4895000-2","02-4895003","229 ถนนสมเด็จพระปิ่นเกล้า แขวงบางยี่ขัน เขตบางพลัด กรุงเทพมหานคร 10700","","","02-4895000-2","IvyPinklao@luvproperty.biz","","","S002","","0","Shinwa Anzen"
"C00098","สถาบันเพื่อการยุติธรรมแห่งประเทศไทย","","","","93/1 ถนนวิทยุ แขวงลุมพินี เขตปทุมวัน กรุงเทพ 10330","","","","","","","S002","","0","Shinwa Anzen"
"C00099","นิติบุคคลอาคารชุด ไอดีโอ โมบิ สุขุมวิท เอ","","02-1164890","","2097 ถนนสุขุมวิท แขวงบางจาก เขตพระโขนง กรุงเทพมหานคร 10260","","","02-1164890","","","","S002","","0","Shinwa Anzen"
"C00100","บริษัท พีเค คอนโทรล โซลูชั่น จำกัด","","025437237","","91/46 ซอยอาร์เค ออฟฟิศพาร์ค 3 ถนนสุวินทวงศ์ แขวงมีนบุรี เขตมีนบุรี กรุงเทพฯ 10510","","","025437237","","","","","","0","Shinwa Anzen"
"C00101","นิติบุคคลอาคารชุด ไอดีโอ เวิร์ฟ สุขุมวิท","","","","2077 ถนนสุขุมวิท แขวงพระโขนงเหนือ เขตวัฒนา กรุงเทพมหานคร 10260","","","","","","","S002","","0","Shinwa Anzen"
"C00102","นิติบุคคลอาคารชุด ไอดีโอ บลูโคฟ สุขุมวิท คอนโดมิเนียม","","02-173-5900-3","","2952 ถนนสุขุมวิท แขวงบางนา เขตบางนา กรุงเทพมหานคร 10260","","","02-173-5900-3","","","","S002","","0","Shinwa Anzen"
"C00103","นิติบุคคลอาคารชุด ไอดีโอ ลาดพร้าว","","","02-1901080-1","647 ถนนลาดพร้าว แขวงจอมพล เขตจตุจักร กรุงเทพมหานคร 10900","","","","","","","S002","","0","Shinwa Anzen"
"C00104","สถาบันเพื่อการยุติธรรมแห่งประเทศไทย","","","","93/1 ถนนวิทยุ แขวงลุมพินี เขตปทุมวัน กรุงเทพ 10330","","","","","","","","","0","Shinwa Anzen"
"C00105","นิติบุคคลอาคารชุดไอดีโอ รัชดา-ห้วยขวาง","","","","62 ไอดีโอ รัชดา-ห้วยขวาง ถนนประชาราษฎร์บำเพ็ญ ห้วยขวาง กรุงเทพมหานคร 10310","","","","","","","S002","","0","Shinwa Anzen"
"C00106","บริษัท สยามสินธร จำกัด","","","","130-132 อาคารสินธรทาวเวอร์ 1 ชั้น 4 ถนนวิทยุ แขวงลุมพินี เขตปทุมวัน กรุงเทพมหานคร 10330","","","","","","","S002","","0","Shinwa Anzen"
"C00107","บริษัท เอ็มเอซี พัฒนา จำกัด","","028799112","028799110","เลขที่ 22 หมู่ 2 ต.มหาสวัสดิ อ.บางกรวย นนทบรี 11130","","","028799112","","","","","","0","Shinwa Anzen"
"C00108","นิติบุคคลอาคารชุด เอสโทร คอนโดมิเนียม","","02-962-2006","","เลขที่ 55 หมู่ 4 ถ.แจ้งวัฒนะ ต.คลองเกลือ อปากเกร็ด .จ.นนทบุรี 11120","","","02-962-2006","","","","S002","","0","Shinwa Anzen"
"C00109","นางอัญชรีย์ ทองดี","","081-8763241","","279/457 คอนโดไลฟ์รัชดา ถนนรัชดาภิเษก แขวงห้วยขวาง เขตห้วยขวาง กทม. 10310","","","081-8763241","","","","","","0","Shinwa Anzen"
"C00110","คุณกิตติธัช พนอจงสภักดิ์","","02-7269170","","88/306 อาคาร เอททองหล่อเรสซินเด้นส์ ซ.สุขุมวิท 55 ทองหล่อเหนือ สุขุมวิท คลองตันเหนือ เขตวัฒนา กทม. 10110","","","02-7269170","","","","","","0","Shinwa Anzen"
"C00111","คุณยุวธี โลหะวิจิตรานนท์","","","","99/295 ซ.กรุงเทพกรีฑา 15/1 ถ.กรุงเทพกรีฑา แขวงหัวหมาก เขตบางกะปิ กรุงเทพมหานคร 10240","","","","","","","S002","","0","Shinwa Anzen"
"C00112","คุณวีรสิน จุ้ยอัครมหาวงศ์","","","","68/700 Park24 สุขุมวิท 24 คลองตัน คลองเตย กรุงเทพมหานคร 10110","","","","","","","S002","","0","Shinwa Anzen"
"C00113","บริษัท เอ็กซ์ซิม คอน แอนด์ ไมน์ จำกัด","","","","เลขที่ 69 หมู่ที่ 4 ต.หนองหอย อ.เมือง จ.เชียงใหม่ กรุงเทพมหานคร 50000","","","","","","","S002","","0","Shinwa Anzen"
"C00114","บ. ดำรงกิจอินเตอร์ซัพพลาย จำกัด (สาขา)","","","","58 ม.5 ต.ไทยใหญ่ อ.ไทรน้อย จ.นนทบุรี","","","","","","","","","0","Shinwa Anzen"
"C00115","นิติบุคคลอาคารชุด ไอดีโอ ลาดพร้าว 17","ideo17.office@gmail.com","02-1400123","","2 .ลาดพร้าว 17 แขวงจอมพล เขตจตุจักร กรุงเทพฯ 10900","","","02-1400123","ideo17.office@gmail.com","","","S002","","0","Shinwa Anzen"
"C00116","นิติบุคคลอาคารชุด ไอดีโอเวิร์ฟ ราชปรารภ","","02-1699599 ต่อ 902","","403 ถนนราชปรารภ แขวงมักกะสัน เขตราชเทวี กรุงเทพมหานคร 10400","","","02-1699599 ต่อ 902","","","","S002","","0","Shinwa Anzen"
"C00117","นิติบุคคลอาคารชุด The Circle","","","","31st Fl., Thanapoom Tower, 1550 New Petchburi Road Makasan, Ratthewi, Bangkok 10400","","","","","","","S002","","0","Shinwa Anzen"
"C00118","นิติบุคคลอาคารชุด ซิลด์ สนามเป้า คอนโดมิเนียม","","020-558-1188","","11 ซอยพหลโยธิน 3 ถนนพหลโยธิน แขวงพญาไท เขตพญาไท กทม. 10400","","","020-558-1188","","","","S002","","0","Shinwa Anzen"
"C00119","นิติบุคคลอาคารชุด คอนโดเลต ไอซ์ ราชเทวี","","097-2132009","","444 ถนนเพชรบุรี แขวงถนนเพชรบุรี เขตราชเทวี กรุงเทพมหานคร 10400","","","097-2132009","","","","S002","","0","Shinwa Anzen"
"C00120","Fresenius Kabi (Thailand) Ltd.","","020219800","","93/1 GPFWitthayu Tower B, 10th Floor, Room No.1001-1002 Wireless Road, Lumpini, Pathumwan, Bangkok 10330","","","020219800","","","","S002","","0","Shinwa Anzen"
"C00121","ICD Security Solutions, Pte. Ltd","","","","The Vertex 33 Ubi Ave 3 #07-31 Singapore, 408868","","MR. Kwok chii kwang","","","","","","","0","Shinwa Anzen"
"C00122","The Address Sukhumvit 28 Juristic Person","address_28@hotmail.com","02-21689939-41","02-21689942","1 SOI SUKHUMVIT 28, KLONTUN, KLONGTOEI, BANGKOK 10110","","","02-21689939-41","address_28@hotmail.com","","","S002","","0","Shinwa Anzen"
"C00123","Reinhold Scherer","","","","1404 Tower B, 110 Somdet Phra Chao Tak Sin 34 Dao Khanong, Thon Buri, Bangkok","","","","","","","","","0","Shinwa Anzen"
"C00124","บริษัท ทองหล่อ 17 จำกัด","","","","427/4 ถนนสาธุประดิษฐ์ แขวงช่องนนทรี เขตยานนาวา กรุงเทพมหานคร 10120","","","","","","","S002","","0","Shinwa Anzen"
"C00125","นิติบุคคลอาคารชุด เดอะคีย์ แจ้งวัฒนะ","","02-5750362","","9 ถนนแจ้งวัฒนะ ตำบลบางตลาด อำเภอปากเกร็ด จังหวัดนนทบุรี 11120","","","02-5750362","","","","S002","","0","Shinwa Anzen"
"C00126","Altus Group Services (Thailand) Co.Ltd.,","yuiyui_kitty@hotmail.com","0-22598545","","219/63-65 19th Floor Asoke Towers Sukhumvit 21 (Asoke), Klongtoey Bangkok 10110","","คุณยุ้ย","0-22598545","yuiyui_kitty@hotmail.com","","","","","0","Shinwa Anzen"
"C00127","นิติบุคคลอาคารชุด วิ แอท สามย่าน","","","","","","","","","","","S002","","0","Shinwa Anzen"
"C00128","บริษัท พีดับบลิวเอส ซีเคียวริตี เอาท์เลท จำกัด","","02 2525 8707","02 2525 8708","29/23 หมู่ 2 ถ.บางบัวทอง-นนทบุรี ต.ลำโพ อ.บางบัวทอง นนทบุรี 11110","","คุณหนุ่ม","02 2525 8707","","","","","","0","Shinwa Anzen"
"C00129","บ. มินิเกรท แพคกิ้ง (ไทยแลนด์) จำกัด","","","","","","","","","","","S002","","0","Shinwa Anzen"
"C00130","นิติบุคลลอาคารชุด เดอะเพรสซิเด้นท์ อาคารเอ","","02-1172381","","2079 สุขุมวิท81 ถนนสุขุมวิท แขวงพระโขนงเหนือ เขตวัฒนา กรุงเทพมหานคร 10260","","","02-1172381","","","","S002","","0","Shinwa Anzen"
"C00131","นิติบุคคลอาคารชุด ดิแอลโคฟ ทองหล่อ 10","","02-3902816","02-3902817","199 ซอยสุขุมวิท 63 (เอกมัย) แขวงคลองตันเหนือ เขตวัฒนา กรุงเทพมหานคร 10110","","","02-3902816","","","","S002","","0","Shinwa Anzen"
"C00132","บ. สายามสินธร จำกัด (สำนักงานใหญ่)","","","","130-132 อาคารสินธรทาวเวอร์1 ชั้น4 ถนนวิทยุ แขวงลุมพินี เขตปทุมวัน กทม. 10330","","","","","","","S002","","0","Shinwa Anzen"
"C00133","บ. ไทย ชัน พลาสติก จำกัด","","","","21 ถนนปรีชาราษฎรรังสรรค์ แขวงบ้านบึง เขตบ้านบึง จ.ชลบุรี 20170","","","","","","","S002","","0","Shinwa Anzen"
"C00134","Fresenius Kabi (Thailand) Ltd. (Head Office)","","02-6519621","","SG Tower, 15th Flr., 161/1, Soi Mahadlekluang 3 Rajdamri Rd., Lumpini, Pathumwan, Bangkok 10330","","","02-6519621","","","","S002","","0","Shinwa Anzen"
"C00135","Baker & Mckenzie Limited","","","","5th Floor and 21st-25th Floors, Rama IV Road, Silom, Bangrak 10500","","","","","","","S002","","0","Shinwa Anzen"
"C00136","นิติบุคคลอาคารชุด ซิม วิภา-ลาดพร้าว","","0 2126 6666-7","","333/733 ซอยวิภาวดีรังสิต ซอย9 (ซอยเฉยพ่วง) ถนนวิภาวดีรังสิต แขวงจอมพล เขตจตุจักร กรุงเทพมหานคร 10900","","","0 2126 6666-7","","","","S002","","0","Shinwa Anzen"
"C00137","นิติบุคคลอาคารชุด แอ๊บสแตร็คส์ พหลโยธิน พาร์ค","","","","อาคาร เอ เลขที่ 1076 ถ.พหลโยธิน แขวงจอมพล เขตจตุจักร กรุงเทพมหานคร 10900","","","","","","","S002","","0","Shinwa Anzen"
"C00138","นิติบุคคลอินтро คอนโดมิเนียม","","0 2271 3434","","255 ถนนประดิพัทธ์ แขวงสามเสนใน เขตพญาไท กรุงเทพมหานคร 10400","","","0 2271 3434","","","","S002","","0","Shinwa Anzen"
"C00139","บ. เอสเอสที (ไทยแลนด์) จำกัด","","","","89/285 หมู่บ้านทาวน์อเวนิวเมิร์จรัตนาธิเบศร์ ม.7 ต.เสาธงหิน อ.บางใหญ่ จ.นนทบุรี 11140","","","","","","","S001","","0","Shinwa Anzen"
"C00140","Le Raffine Jambunuda","","","","3 Sukhumvit Soi 31 (Sawatdi) Klongtoeynua Wattana Bangkok 10110","","","","","","","S002","","0","Shinwa Anzen"
"C00141","นิติบุคคลอาคารชุด มายรีสอร์ท บางกอก","","02-6528585-6","","1724 ถ.เพชรบุรีตัดใหม่ แขวงบางกะปิ เขตห้วยขวาง กรุงเทพฯ 10310","","","02-6528585-6","","","","S002","","0","Shinwa Anzen"
"C00142","นิติบุคคลอาคารชุด โนเบิลออร่า","","0863035987","","822 ซอยสุขุมวิท 55 ถนนสุขุมวิท แขวงคลองตันเหนือ เขตวัฒนา กรุงเทพมหานคร 10110","","","0863035987","","","","S002","","0","Shinwa Anzen"
"C00143","นิติบุคคลอาคารชุดแวนเทจ","","02-5131949","","","","","02-5131949","","","","S002","","0","Shinwa Anzen"
"C00144","นิติบุคคลอาคารชุด เดอะสุรวงศ์","","","","156 เดอะสุรวงศ์คอนโด ถนนสุรวงศ์ แขวงสี่พระยา เขตบางรัก กรุงเทพฯ 10500","","","","","","","S002","","0","Shinwa Anzen"
"C00145","นิติบุคคลอาคารชุด มายรีสอร์ท บางกอก","","02-6528585-6","","1724 ถ.เพชรบุรีตัดใหม่ แขวงบางกะปิ เขตห้วยขวาง กรุงเทพมหานคร 10310","","","02-6528585-6","","","","S002","","0","Shinwa Anzen"
"C00146","นิติบุคคลอาคารชุด ไอดีโอ มิกซ์ สุขุมวิท 103","","02-3975307","","9 ซ.อุดมสุข 3 แขวงบางนา เขตบางนา กรุงเทพมหานคร 10260","","","02-3975307","","","","S002","","0","Shinwa Anzen"
"C00147","นิติบุคคลอาคารชุด เอลลิโอ สุขุมวิท 64","","02-1062111,02-1197652","","เลขที่ 99 ซอยสุขุมวิท 64 แขวงบางจาก เขตพระโขนง กรุงเทพมหานคร 10260","","","02-1062111,02-1197652","","","","S002","","0","Shinwa Anzen"
"C00148","นิติบุคคลอาคารชุด เดอะรูม สุขุมวิท 63","","","","2288 ถ.สุขุมวิท แขวงบางจาก เขตพระโขนง กรุงเทพฯ 10261","","","","","","","S002","","0","Shinwa Anzen"
"C00149","นิติบุคคลอาคารชุด เดอะบรีซ","","","","198 ถนนนราธิวาสราชนครินทร์ แขวงช่องนนทรี เขตยานนาว กรุงเทพมหานคร 10120","","","","","","","S002","","0","Shinwa Anzen"
"C00150","นิติบุคคลอาคารชุด ไอดีโอ โมบิ พญาไท","","","","505 ถนนศรีอยุธยา แขวงทุ่งพญาไท เขตราชเทวี กรุงเทพมหานคร 10400","","","","","","","S002","","0","Shinwa Anzen"
"C00151","นิติบุคคลอาคารชุด คาซ่า คอนโด รัชดา-ท่าพระ","","02-4699100","","","","","02-4699100","","","","S002","","0","Shinwa Anzen"
"C00152","นิติบุคคลอาคารชุดเดอะ ซิลค์ พหลโยธิน 3","tsp3@plus.co.th","02-121-3000-1","02-121-3005","19 ถนนพหลโยธิน3 แขวงสามเสนใน เขตพญาไท กรุงเทพมหานคร 10400","","","02-121-3000-1","tsp3@plus.co.th","","","","","0","Shinwa Anzen"
"C00153","บ. กังวาล โฮลดิ้ง จำกัด","","02-302-1000","02-302-1100","38 ซอยสุขุมวิท 39 (พร้อมพงษ์) แขวงคลองตันเหนือ เขตวัฒนา กรุงเทพมหานคร 10110","","","02-302-1000","","","","S001","","0","Shinwa Anzen"
"C00154","โนเบิล ไลท์ คอนโดมิเนียม","","","","46 ซอยอารีย์ 1 ถนนพหลโยธิน แขวงสามเสนใน เขตพญาไท กรุงเทพฯ 10400","","","","","","","S002","","0","Shinwa Anzen"
"C00155","นิติบุคคลอาคารชุด โนเบิล รีดี","","","","เลขที่ 8 ซอยพหลโยธิน 7 (ซอยอารีย์ 1) ถนนพหลโยธิน แขวงสามเสนใน เขตพญาไท กรุงเทพฯ 10400","","","","","","","S002","","0","Shinwa Anzen"
"C00156","นิติบุคคลอาคารชุด โนเบิล รีฟอร์ม","noblereform@hotmail.com","0-2117-2571","0-2117-2572","เลขที่ 8 ซอยพหลโยธิน 7 (ซอยอารีย์) ถนนพหลโยธิน แขวงสามเสนใน เขตพญาไท กทม. 10400","","","0-2117-2571","noblereform@hotmail.com","","","S002","","0","Shinwa Anzen"
"C00157","นิติบุคคลอาคารชุด คาซ่า อโศก-ดินแดง","Casa.asoke.dindeang@gmail.com","0-2248-1100","","","","","0-2248-1100","Casa.asoke.dindeang@gmail.com","","","S002","","0","Shinwa Anzen"
"C00158","นิติบุคคลอาคารชุด ออกัสตัน สุขุมวิท 22","","0-2261-3181","","","","","0-2261-3181","","","","S002","","0","Shinwa Anzen"
"C00159","บ. วัน พลัส วัน ดีไซน์ จำกัด","","","","19/45 หมู่ 2 แขวงตลาดบางเขน เขตหลักสี่ กรุงเทพมหานคร 10210","","","","","","","S002","","0","Shinwa Anzen"
"C00160","นิติบุคคลอาคารชุด บ้านสิริ 31","baansiri31.office1@gmail.com","02-2602501","","47 ซอยสุขุมวิท 31 (สวัสดี) ถนนสุขุมวิท แขวงคลองตันเหนือ วัฒนา กรุงเทพมหานคร 10110","","","02-2602501","baansiri31.office1@gmail.com","","","S002","","0","Shinwa Anzen"
"C00161","บริษัท อาร์ซิโทน จำกัด","","02 991 8716","02 992 8716","2/127 หมู่ที่ 1 แขวงสายไหม เขตสายไหม กรุงเทพ 10220","","คุณอริยะ","02 991 8716","","","","S001","","0","Shinwa Anzen"
"C00162","นิติบุคคลอาคารชุด ไอดีโอ มิกซ์ พหลโยธิน","","","","698 ถนนพหลโยธิน แขวงสามเสนใน เขตพญาไท กรุงเทพมหานคร 10400","","","","","","","S002","","0","Shinwa Anzen"
"C00163","นิติบุคคลอาคารชุดลิฟแอทไฟท์","","","","เลขที่ 12 สุขุมวิท ซอย 5 (ซอย เลิศสิน1) ถนนสุขุมวิท แขวงคลองเตยเหนือ เขตวัฒนา กรุงเทพมหานคร 10110","","","","","","","S002","","0","Shinwa Anzen"
"C00164","บริษัท วัลแคน เทคโนโลยี จำกัด","","","","98/27 หมู่บ้านพรีเมี่ยมเพลส ถนนโพธิ์แก้ว แขวงนวมินทร์ เขตบึงกุ่ม กรุงเทพมหานคร 10240","","","","","","","","","0","Shinwa Anzen"
"C00165","นิติบุคคลอาคารชุดไอวี่ สาทร 10","ivysathon@fpharrison.co.th","02-166-9100","02-166-9102","88 ซ.สาทร 10 แขวงสีลม เขตบางรัก กรุงเทพมหานคร 10500","","","02-166-9100","ivysathon@fpharrison.co.th","","","S002","","0","Shinwa Anzen"
"C00166","บริษัท ไพโอเนียร์ ลิฟท์ แอนด์ เครน จำกัด","","","","44, 46 ซอยเอกชัย 64/2 แขวงบางบอน เขตบางบอน กรุงเทพมหานคร 10150","","","","","","","S002","","0","Shinwa Anzen"
"C00167","นิติบุคคลอาคารชุด เดอะเพรสซิเด้นท์ สุขุมวิท อาคารบี","","02-1172381","","2081 สุขุมวิท 81 ถนนสุขุมวิท แขวงพระโขนงเหนือ เขตวัฒนา กรุงเทพมหานคร 10260","","","02-1172381","","","","S002","","0","Shinwa Anzen"
"C00168","นิติบุคคลอาคารชุด ริทึ่ม สาทร นราธิวาส","","0-2286-3651","","651 ถ.นราธิวาสราชนครินทร์ ซ.สวนพูล1 แขวงทุ่งมหาเมฆ เขตสาทร กทม 10120","","","0-2286-3651","","","","S002","","0","Shinwa Anzen"
"C00169","นิติบุคคลอาคารชุด เอสแอนด์เอส สุขุมวิท","","0-2173-0001-3","","188 ถนนสุขุมวิท ช.สุขุมวิท 101/1 แขวงบางนา เขตบางนา กทม. 10260","","","0-2173-0001-3","","","","S002","","0","Shinwa Anzen"
"C00170","นิติบุคคลอาคารชุด พาร์โก้","parco.supreme@gmail.com","0-2678-7667-8","0-2678-7667-8 ต่อ 303","88/4 ถนนนางลิ้นจี่ แขวงทุ่งมหาเมฆ เขตสาทร กทม 10120","","","0-2678-7667-8","parco.supreme@gmail.com","","","S002","","0","Shinwa Anzen"
"C00171","นิติบุคคลอาคารชุด เดอะสตาร์ เอสเตท แอท พระราม3","thestar_rama3@hotmail.com","0-2294-8555 ต่อ 300","0-2294-2660","799 ถนนพระราม 3 แขวงบางโพงพาง เขตยานนาวา กรุงเทพ 10120","","","0-2294-8555 ต่อ 300","thestar_rama3@hotmail.com","","","S002","","0","Shinwa Anzen"
"C00172","นิติบุคคลอาคารชุด เอ็ม ลาดพร้าว คอนโดมิเนียม","","0-2512-4599, 096-4013324","0-2512-4598","1188 เอ็ม ลาดพร้าว คอนโดนิเนียม ถนนพหลโยธิน แขวงจอมพล เขตจตุจักร กทม. 10900","","","0-2512-4599, 096-4013324","","","","S002","","0","Shinwa Anzen"
"C00173","นิติบุคคลอาคารชุด ศุภาลัย พรีเมียร์ ราชเทวี","supalaipremier@hotmail.com","0-2215-3999-40","0-2215-5341","188 ถนนเพชรบุรี แขวงถนนเพชรบุรี เขตราชเทวี กทม. 10400","","","0-2215-3999-40","supalaipremier@hotmail.com","","","S002","","0","Shinwa Anzen"
"C00174","นิติบุคคลอาคารชุด ไอดีโอ โมบิ สาทร","punyavee.theworks@ananda.co.th","02-860-8575","","134 ถนนกรุงธนบุรี แขวงบางลำภูเหนือ เขตคลองสาน กรุงเทพมหานคร 10600","","","02-860-8575","punyavee.theworks@ananda.co.th","","","S002","","0","Shinwa Anzen"
"C00175","นิติบุคคลอาคารชุด เดอะแบงค็อค ทรัพย์","thebangkoksab@hotmail.com","02-3532000 ต่อ 4002","","33 ถนนทรัพย์ แขวงสี่พระยา เขตบางรัก กรุงเทพมหานคร 10500","","","02-3532000 ต่อ 4002","thebangkoksab@hotmail.com","","","S002","","0","Shinwa Anzen"
"C00176","นิติบุคคลอาคารชุด ดิแอดเดรส ปทุมวัน อาคารเอ","","02-656-5151","","478 ถนนเพชรบุรี แขวงถนนเพชรบุรี เขตราชเทวี กรุงเทพมหานคร 10400","","","02-656-5151","","","","","","0","Shinwa Anzen"
"C00177","นิติบุคคลอาคารชุด ดิแอดเดรส ปทุมวัน อาคารบี","","","","458 ถนนเพชรบุรี แขวงถนนเพชรบุรี เขตราชเทวี กรุงเทพมหานคร 10400","","","","","","","S002","","0","Shinwa Anzen"
"C00178","คุณสุพร ห่อหริตานนท์","","","","83/294 วิลล่าราชเทวี ถ.พญาไท ราชเทวี กทม. 10400","","","","","","","S001","","0","Shinwa Anzen"
"C00179","บ้านใบเตย","","","","169/3 หมู่ 9 บ้านขี้เหล็กใหญ่ ต.ในเมือง อ.เมือง จ.ชัยภูมิ 36000","","","","","","","S001","","0","Shinwa Anzen"
"C00180","Richard Lee","","","","Belle Ave2, Rama 9 Rd, 141/737 B1, Huai-Khwang, Bangkok 10310","","","","","","","S001","","0","Shinwa Anzen"
"C00181","Tony Chan","","","","Belle Ave2, Rama 9 Rd, 141/496 A2, Huai-Khwang, Bangkok 10310","","","","","","","S001","","0","Shinwa Anzen"
"C00182","Frounlee Y H Tan","","","","Belle Ave2, Rama9 Rd, 141/592 B1 Huai-Khwnag, Bangkok 10310","","","","","","","S001","","0","Shinwa Anzen"
"C00183","คุณศักดา ชุติภาวรกานต์","","","","889/156 คอนโดไอวี ทองหล่อ ซอยสุขุมวิท 55 คลองตันเหนือ วัฒนา กทม. 10110","","","","","","","S001","","0","Shinwa Anzen"
"C00184","นิติบุคคลอาคารชุด เอลลิโอ เดล เรย์","","","","เลขที่ 95 คอนโดเอลิโอเดลเรย์ ถนนสุขุมวิท 64 แขวงบางจาก เขตพระโขนง กรุงเทพมหานคร 10260","","","","","","","S002","","0","Shinwa Anzen"
"C00185","นิติบุคคลอาคารชุด ไอดีโอ บลูโคฟ สาธร","","02-4387700","","เลขที่ 8 ถนนกรุงธนบุรี แขวงคลองต้นไทร เขตคลองสาน กรุงเทพมหานคร 10600","","","02-4387700","","","","S002","","0","Shinwa Anzen"
"C00186","บริษัท บิวด์-เทค โซลูชัสน์ จำกัด","","","","44/5 ซอยสามภพนฤมิตร ถนนสุขุมวิท แขวงบางจาก เขตพระโขนง กรุงเทพมหานคร 10260","","","","","","","S001","","0","Shinwa Anzen"
"C00187","คุณทวีรัช ปรุงพัฒนสกุล","","","","6003 อาคาร A คอนโดริเวอร์ 110 ถนนสมเด็จพระตากสิน 34 แขวงดาวคะนอง เขตธนบุรี กทม. 10600","","","","","","","S001","","0","Shinwa Anzen"
"C00188","คุณชรินทร์ยา แสวงสินกลกิจ","","","","842/502 อาคาร B คอนโดแอสปาย พระราม 9 ซอยพระราม 9 แยก 2 เขตห้วยขวาง กทม. 10310","","","","","","","S001","","0","Shinwa Anzen"
"C00189","คุณสุรัติ ทัวสุทูติ","","","","279/503 ถนนรัชดาภิเษก แขวงห้วยขวาง เขตห้วยขวาง กทม. 10310","","","","","","","S001","","0","Shinwa Anzen"
"C00190","คุณณัฏฐนนท์ พันธุวงศ์","","","","766/41 ถนนสุขุมวิท แขวงคลองตัน เขตคลองเตย กทม. 10310","","","","","","","S001","","0","Shinwa Anzen"
"C00191","คุณวรรณประไพ รอดด้วยบุญ","","","","42/1 หมู่ 6 ต.บางน้ำจืด อ.เมือง จ.สมุทรสาคร 74000","","","","","","","S001","","0","Shinwa Anzen"
"C00192","คุณเฉลิมศักดิ์ ศรีวรกุล","","","","55/2 ถนนสุทธิสาร สามเสนนอก ห้วยขวาง กทม. 10310","","","","","","","S001","","0","Shinwa Anzen"
"C00193","คุณจักร์กวินทร์ ภู่สวาสดิ์","","","","115/20 หมู่บ้าน The Carlor living ซ.รัชดาภิเษก 52 ลาดยาว จตุจักร กทม. 10900","","","","","","","S001","","0","Shinwa Anzen"
"C00194","คุณวิศิษฐ์มน ศรีนิลทา","","","","390/106 คอนโดโนเบิลเฮ้าส์ พญาไท ถนนพญาไท แขวงสามเสนใน เขตพญาไท กทม. 10400","","","","","","","S001","","0","Shinwa Anzen"
"C00195","คอนโดเวอร์ทิศ พระราม4","","","","","","","","","","","S002","","0","Shinwa Anzen"
"C00196","Kelvin","","","","141/492 ถนนพระรามเก้า แขวงห้วยขวาง เขตห้วยขวาง กรุงเทพมหานคร 10310","","","","","","","S001","","0","Shinwa Anzen"
"C00197","นิติบุคคลอาคารชุด เวอร์ทีด","","","","188 ถนนสี่พระยา แขวงมหาพฤฒาราม เขตบางรัก กรุงเทพมหานคร 10500","","","","","","","S002","","0","Shinwa Anzen"
"C00198","คุณมัลลิกา นรินทร์สุขสันติ","","","","333/42 หมู่บ้านแคนรี่ไพรเวท ซ.โรงพยาบาลเปาโลเมเรล ถนนศรีนครินทร์ ต.บางเมือง อ.เมือง จ.สมุทรปราการ 10270","","","","","","","S001","","0","Shinwa Anzen"
"C00199","คุณไอณภัค บุญทรัพย์วัฒน์","","","","52/168 the vertical aree ซอยอารีย์ 1 สามเสนใน พญาไท กรุงเทพมหานคร 10400","","","","","","","S001","","0","Shinwa Anzen"
"C00200","คุณนีรวุฒิ ชวลิตกิจเจริญ","","","","39/188 ถนนกลัปพฤกษ์ แขวงบางแค เขตบางแค กรุงเทพมหานคร 10160","","","","","","","S001","","0","Shinwa Anzen"
"C00201","คุณเนตรทราย สุธรรมรัตน์บดี","","","","279/524 คอนโดริทึ่มรัชดา ถนนรัชดาภิเษก ห้วยขวาง กรุงเทพมหานคร","","","","","","","S001","","0","Shinwa Anzen"
"C00202","คุณยงยุทธ เจริญประสิทธ์","","","","36/95 ชาริบายแสนสิริ ซ.สุขุมวิท 64 ถนนสุขุมวิท กรุงเทพมหานคร 10260","","","","","","","S001","","0","Shinwa Anzen"
"C00203","คุณต้องจิต ธารสุวรรณวงศ์","","","","56/119 หมู่5 ต.ปลายบาง อ.บางกรวย จ.นนทบุรี 11130","","","","","","","S001","","0","Shinwa Anzen"
"C00204","คุณอนุวัฒน์ สุระพัฒน์","","","","36/16 ซอยสุขุมวิท 64 แขวงบางจาก เขตพระโขนง กรุงเทพมหานคร 10260","","","","","","","S001","","0","Shinwa Anzen"
"C00205","คุณวิไล แซ่ตั้ง","","","","89/287 หมู่บ้านทวา อเวนิวเมิร์จรัตนาธิเบศร์ ต.เสาธงหิน อ.บางใหญ่ จ.นนทบุรี 11140","","","","","","","S001","","0","Shinwa Anzen"
"C00206","MR. ZHAO GANG","","","","141 ถนนพระราม 9 แขวงห้วยขวาง เขตห้วยขวาง กรุงเทพมหานคร 10310","","","","","","","S001","","0","Shinwa Anzen"
"C00207","บริษัท กิจกุล คอนสตรัคชั่น จำกัด","","","","258 ซอยเจริญนคร 32/1 ถนนเจริญนคร แขวงบางลำภูล่าง เขตคลองสาน กรุงเทพมหานคร 10600","","","","","","","S002","","0","Shinwa Anzen"
"C00208","บริษัท จิบเต๋า จำกัด","","089-157-1411","","134/347 ซอยสุขุมวิท 55 (ทองหล่อ) แขวงคลองตันเหนือ เขตวัฒนา กรุงเทพมหานคร 10110","","","089-157-1411","","","","S001","","0","Shinwa Anzen"
"C00209","นิติบุคคลอาคารชุด 185 ราชดำริ","","66 (0) 2250 7802-3","66 (0) 2250 7807","เลขที่ 185 ราชดำริ ถนนราชดำริ แขวงลุมพินี เขตปทุมวัน กรุงเทพมหานคร 10330","","","66 (0) 2250 7802-3","","","","S002","","0","Shinwa Anzen"
"C00210","Ideo Blucove Sukhumvit Condominium Juristic Person","","662 173 5902","","2952 Sukhumvit Road, Bangna, Bangna, Bangkok 10260","","","662 173 5902","","","","S002","","0","Shinwa Anzen"
"C00211","นิติบุคคลอาคารชุด ไอดีโอ มอร์ฟ38 คอนโดมิเนียม","","02-187-4903-5","","88/8 ซ.สุขุมวิท 38 แขวงพระโขนง เขตคลองเตย กรุงเทพมหานคร 10110","","","02-187-4903-5","","","","S002","","0","Shinwa Anzen"
"C00212","นิติบุคคลอาคารชุด ไฮฟ์ สุขุมวิท 65","","02-3914900","","9/125 ซอยสุขุมวิท 65 ถนนสุขุมวิท แขวงพระโขนงเหนือ เขตวัฒนา กรุงเทพมหานคร 10110","","","02-3914900","","","","S002","","0","Shinwa Anzen"
"C00213","บ. นำชัย แลนด์ เฮ้าส์ จำกัด","","","","14/141 ม.2 ต.คลองอุดมชลจร อ.เมืองฉะเชิงเทรา จ.ฉะเชิงเทรา 24000","","","","","","","S001","","0","Shinwa Anzen"
"C00214","นิติบุคคลอาคารชุด ไอดีโอ โมบิ พระราม9","","","","90 ถนนพระราม9 แขวงห้วยขวาง เขตห้วยขวาง กรุงเทพมหานคร 10310","","","","","","","S002","","0","Shinwa Anzen"
"C00215","คุณกชรรณ วราสินธุ์","","","","889/17 ชั้น 6 คอนโดไอวี่ทองหล่อ แขวงคลองตันเหนือ เขตวัฒนา กรุงเทพมหานคร 10110","","","","","","","","","0","Shinwa Anzen"
"C00216","บ. โอซาโกร จำกัด","","","","79/339 อาคารปทุมวันรีสอร์ท ชั้น 23 ถนนพญาไท แขวงถนนพญาไท เขตราชเทวี กรุงเทพมหานคร 10400","","","","","","","","","0","Shinwa Anzen"
"C00217","คุณวิกันต์ พยัคฆพงษ์","","","","279/838 Life รัชดาภิเษก ถนนรัชดาภิเษก แขวงห้วยขวาง เขตห้วยขวาง กทม. 10310","","","","","","","S001","","0","Shinwa Anzen"
"C00218","คุณธวัชชัย น้ำทองดี","","","","18/103 คิวเฮ้าส์สาทรคอนโด ถ.กรุงธนบุรี คลองตันไทร คลองสาน กทม. 10600","","","","","","","S002","","0","Shinwa Anzen"
"C00219","คุณกนกเนตร แสนสุข","","","","40/9 ม.3 ถ.ศาลายา-นครชัยศรี ต.มหาสวัสดิ์ อ.พุทธมณฑล จ.นครปฐม 73170","","","","","","","S001","","0","Shinwa Anzen"
"C00220","คุณฟองจันทร์ กันศรีเอียง","","","","ไอดีโอคอนโด สาทร-ท่าพระ ถนนกรุงธนบุรี คลองต้นไทร คลองสาน กทม. 10600","","","","","","","S001","","0","Shinwa Anzen"
"C00221","นิติบุคคลอาคารชุด ไอดีโอโมบิ พระราม 9","","02-6414970","","","","","02-6414970","","","","S002","","0","Shinwa Anzen"
"C00222","คุณสุดาพันธ์ ทวีธรรมสถิตย์","","","","88/276 อาคารเอททองหล่อเรสซิเด้นท์ ซ.สุขุมวิท55 ทองหล่อ ถนนสุขุมวิท แขวงคลองตันเหนือ เขตวัฒนา กทม. 10110","","","","","","","S002","","0","Shinwa Anzen"
"C00223","บริษัท เน็กซ์เทคเซอร์วิสเซส จำกัด","","076-528776","","หมู่บ้าน ร็อกกาเต้น เลขที่ 125/467 หมู่ที่ 5 แขวงรัษฎา เขตเมืองภูเก็ต จ.ภูเก็ต 83000","","","076-528776","","","","","","0","Shinwa Anzen"
"C00224","กองทุนรวมสินทรัพย์ไทย 1","","","","ชั้น 25 อาคารเมืองไทย-ภัทรคอมเพล็กซ์ ทาวเวอร์บี เลขที่ 252/122 ถนนรัชดาภิเษก แขวงห้วยขวาง กรุงเทพ 10310","","","","","","","S002","","0","Shinwa Anzen"
"C00225","คุณภัทรา อภิญญาวาท","","","","คอนโด HQ ทองหล่อ แขวงคลองตันเหนือ เขตวัฒนา กรุงเทพมหานคร 10110","","","","","","","S001","","0","Shinwa Anzen"
"C00226","บ. ยูเนี่ยนปทุมวัน จำกัด","","","","142 ซอยลาดพร้าว 80 (จันทิมา) ถนนลาดพร้าว แขวงวังทองหลาง เขตวังทองหลาง กรุงเทพมหานคร 10310","","","","","","","S002","","0","Shinwa Anzen"
"C00227","บ. เดอะ ยูนิค จำกัด","","","","45/44 ซอยพัฒนาการ57 ถนนพัฒนาการ แขวงประเวศ เขตประเวศ กรุงเทพมหานคร 10250","","","","","","","S002","","0","Shinwa Anzen"
"C00228","นิติบุคคลอาคารชุด ไอวี่รัชดา","","","","30 ซ.รัชดาภิเษก20 ถนนรัชดาภิเษก แขวงสามเสนนอก เขตห้วยขวาง กรุงเทพมหานคร 10310","","","","","","","S002","","0","Shinwa Anzen"
"C00229","บ. บันเทิงดี จำกัด","","","","18/163 ซอยประเสริฐมนูกิจ 25 แยก2 ถนนประเสริฐมนูกิจ แขวงจรเข้บัว เขตลาดพร้าว กรุงเทพมหานคร 10230","","","","","","","S001","","0","Shinwa Anzen"
"C00230","บริษัท เจวีพีเค ซิเคียวริตี้ ซิสเต็มส์ จำกัด","","","","27 ซอยกรุงเทพกรีฑา7 หัวหมาก บางกะปิ กรุงเทพมหานคร 10240","","","","","","","S001","","0","Shinwa Anzen"
"C00231","คุณธันยาภัทร์ ภัสสรารุจิวงศ์","","","","279/17 ถนนรัชดาภิเษก แขวงห้วยขวาง เขตห้วยขวาง กรุงเทพมหานคร 10310","","","","","","","S001","","0","Shinwa Anzen"
"C00232","คุณศิริรัตน์ จันทรอาภา","","","","ตำรวจภูธรภาค 9 ถนนแหล่งพระราม ต.บ่อยาง อำเภอเมือง จ.สงขลา 90000","","","","","","","S001","","0","Shinwa Anzen"
"C00233","คุณชีววัฒน์ ไกรวัตนุสสรณ์","","","","102/61 ม.3 ต.บางหญ้าแพรก อ.เมือง จ.สมุทรสาคร 74000","","","","","","","S001","","0","Shinwa Anzen"
"C00234","นิติบุคคลอาคารชุด ไอดีโอ สาทร ท่าพระ","","","","221 ถนนตากสิน-เพชรเกษม แขวงบุคคโล เขตธนบุรี กรุงเพทมหานคร 10600","","","","","","","S002","","0","Shinwa Anzen"
"C00235","บ. ไตรพร็อพเพอร์ตี้ จำกัด","","","","","","","","","","","S002","","0","Shinwa Anzen"
"C00236","บริษัท เธียรอรุณ จำกัด","","","","92/52-53 ชั้น 18 อาคารสาธรธานี 2 ถนนสาทรเหนือ แขวงสีลม เขตบางรัก กรุงเทพมหานคร 10500","","","","","","","S001","","0","Shinwa Anzen"
"C00237","คุณธราภุช คูหาเปรมกิจ","","","","RJ-2402 185 Rajadamri Road, Lumpini, Pathumwan, Bangkok 10330","","","","","","","S002","","0","Shinwa Anzen"
"C00238","นิติบุคคลอาคารชุดปทุมวัน รีสอร์ท","","0865087497","","79 อาคารปทุมวันรีสอร์ท ถนนพญาไท แขวงถนนพญาไท เขตราชเทวี กทม. 10400","","","0865087497","","","","S002","","0","Shinwa Anzen"
"C00239","นิติบุคคลอาคารชุด เดอะคีย์ แจ้งวัฒนะ","","02-5750362","","9 ถนนแจ้งวัฒนะ ตำบลบางตลาด อำเภอปากเกร็ด จังหวัดนนทบุรี 11120","","","02-5750362","","","","S002","","0","Shinwa Anzen"
"C00240","นิติบุคคลอาคารชุด ไอวี แอมพิโอ","","02-2484221-2","082-272-2440","48 ถนนรัชดาภิเษก แขวงห้วยขวาง กรุงเทพมหานคร 10310","","","02-2484221-2","","","","S002","","0","Shinwa Anzen"
"C00241","คุณศราวุธ อนรรมงรรม","","","","185/221 อาคารชุด 185 ราชดำริ ถนนราชดำริ ลุมพินี ปทุมวัน กทม. 10330","","","","","","","S001","","0","Shinwa Anzen"
"C00242","บริษัท ไตร พร็อพเพอตี้ จำกัด","","","","999/9 ชั้น 29 อาคารดิออฟฟิศเศส แอท เซ็นทรัลเวิลด์ ห้องเลขที่ 29838 ถ.พระรามที่ 1 แขวงปทุมวัน เขตปทุมวัน กทม.","","","","","","","S002","","0","Shinwa Anzen"
"C00243","Raimon Land Unixx Co., Ltd.","","02651-9601","","22nd Floor, Unit 2201-3 The Millennia Tower, 62 Langsuan Lumpini, Phthumwan, Bangkok. 10330","","","02651-9601","","","","S002","","0","Shinwa Anzen"
"C00244","Zire Wongamat Condominium","","","","686 Moo5 Soi Naklua 16 Naklua Banglamung Chonburi 20150","","","","","","","S002","","0","Shinwa Anzen"
"C00245","บริษัท โพส-การ์ด โซลูชั่น จำกัด","","","","48/77 ซอยสุคนธสวัสดิ์ 38 แขวงลาดพร้าว เขตลาดพร้าว กรุงเทพมหานคร 10230","","","","","","","S002","","0","Shinwa Anzen"
"C00246","Nataliya Poltavets","","","","68/132 สุขุมวิท 24 คลองตัน คลองเตย กรุงเทพมหานคร 10110","","","","","","","S002","","0","Shinwa Anzen"
"C00247","คุณโอฬาร คูหาเปรมจิต","","","","RJ 2703 185 ถนนราชดำริ แขวงลุมพินี เขตปทุทวัน กรุงเทพมหานคร 10330","","","","","","","S002","","0","Shinwa Anzen"
"C00248","นางสาวสิริพร ประเสริฐจิตร","","","","141/85 ถนนสาทรใต้ แขวงยานนาวา เขตสาทร กรุงเทพมหานคร 10120","","","","","","","S001","","0","Shinwa Anzen"
"C00249","คุณนราธร สุวรรณเวช","","","","16 สุขุมวิท 95/1 แขวงบางจาก เขตพระโขนง กรุงเทพมหานคร 10260","","","","","","","S001","","0","Shinwa Anzen"
"C00250","คุณรัฐพล เตชะเลิศสิริมงคล","","","","141/612 ถนนสาทรใต้ แขวงยานนาวา เขตสาทร กรุงเทพมหานคร 10120","","","","","","","S001","","0","Shinwa Anzen"
"C00251","คุณปิยะพงศ์ วงศ์ป้อง","","","","189 หมู่บ้านอรุณวรรณ 4 ซอยเลียบคลองสอง ถ.เสียงคลองสอง เขตคลองสามวา กรุงเทพมหานคร 10510","","","","","","","S001","","0","Shinwa Anzen"
"C00252","นิติบุคคลอาคารชุดเซ็นทริค สาทร-เซ็นหลุยส์","","022861956","","5 ซอยสาทร 11 แขวงยานนาวา เขตสาทร กรุงเทพมหานคร 10120","","","022861956","","","","S002","","0","Shinwa Anzen"
"C00253","นิติบุคคลอาคารชุด ไอดีโอ โมบิ จรัญ-อินเตอร์เชนจ์","","028646777","","531 ถนนจรัญสนิทวงศ์ แขวงบางขุนศรี เขตบางกอกน้อย กรุงเทพมหานคร","","","028646777","","","","S002","","0","Shinwa Anzen"
"C00254","บริษัท อาบาคัส แมเนจเม้นท์ จำกัด","","","","16/1 ถนนเทศบาลสงเคราะห์ แขวงลาดยาว เขตจตุจักร กรุงเทพมหานคร 10900","","","","","","","S002","","0","Shinwa Anzen"
"C00255","บ. เซอร์ราโน่ (ประเทศไทย) จำกัด","","02-9005050","","259/17 ซอยวิภาวดีรังสิต 70 (พัชราภา) ถนนวิภาวดีรังสิต แขวงตลาดบางเขน เขตหลักสี่ กรุงเทพมหานคร 10210","","","02-9005050","","","","S002","","0","Shinwa Anzen"
"C00256","บ. เมนเตอร์ อีเล็คทรอนิด จํากัด","","088-0109334","","23 ถนนวุฒากาส แขวงตลาดพลู เขตธนบุรี กรุงเทพมหานคร 10600","","คุณปุ๋ย","088-0109334","","","","S002","","0","Shinwa Anzen"
"C00257","นิติบุคคลอาคารชุด ชีวาทัย อินเตอร์เชนจ์","","02-0103130","","412 ถนนประชาราษฎร์สาย 2 แขวงบางซื่อ เขตบางซื่อ กรุงเทพมหานคร 10800","","","02-0103130","","","","S002","","0","Shinwa Anzen"
"C00258","คุณเล็ก กาญจนโกมุท","","","","35 ซอยบางพรม29 แขวงบางพรม เขตตลิ่งชัน กรุงเทพมหานคร","","","","","","","S002","","0","Shinwa Anzen"
"C00259","บ. สยามวิริยะกิจ จำกัด","","0814478511","","87/43 ถนนสมเด็จพระปิ่นเกล้า แขวงอรุณอมรินทร์ เขตบางกอกน้อย กรุงเทพมหานคร","","","0814478511","","","","S002","","0","Shinwa Anzen"
"C00260","บ. เซลท์ อินเตอร์ เอ็ดดูเคชั่น จำกัด","","","","62 ซ.เจริญนคร 51 เขตคลองสาน กรุงเทพมหานคร 10600","","","","","","","S002","","0","Shinwa Anzen"
"C00261","คุณเล็ก กาญจนโกมุท","","","","35 ซ.บางพรม 29 แขวงบางพรม เขตตลิ่งชัน กรุงเทพมหานคร","","","","","","","S002","","0","Shinwa Anzen"
"C00262","นิติบุคคลอาคารชุด ไอดีโอ โมบิ สุขุมวิท","","","","2099 ถนนสุขุมวิท แขวงบางจาก เขตพระโขนง กรุงเทพมหานคร 10260","","","","","","","S002","","0","Shinwa Anzen"
"C00263","นิติบุคคลอาคารชุด ศุภาลัย พรีเมียร์ รัชดา-นราธิวาส","","","","9 ถนนรัชดาภิเษก แขวงช่องนนทรี เขตยานนาวา กรุงเทพมหานคร 10120","","","","","","","S002","","0","Shinwa Anzen"
"C00264","บ. หัวเว่ย เทคโนโลยี (ประเทศไทย) จำกัด (สำนักงานใหญ่)","","","","ชั้น 19 อาคารแคพพิเทิลทาวเวอร์ ออลซีซั่นส์เพลส 87/1 ถนนวิทยุ แขวงลุมพินี เขตปทุมวัน กรุงเทพมหานคร 10330","","E-mail :","","","","","S002","","0","Shinwa Anzen"
"C00265","บริษัท ทรีดี อินทีเรียส์ จำกัด (สำนักงานใหญ่)","","02-5423131-2","","73 ซอยนาคนิวาส 48 ถนนนาคนิวาส แขวงลาดพร้าว เขตลาดพร้าว กรุงเทพมหานคร 10230","","","02-5423131-2","","","","S002","","0","Shinwa Anzen"
"C00266","บ. ไอดี ไอดี พลัส จำกัด","","","","39/115 ซอยสุขาภิบาล 5 ซอย 82 แขวงสามวาตะวันตก เขตคลองสามวา กรุงเทพมหานคร 10510","","","","","","","S002","","0","Shinwa Anzen"
"C00267","บริษัท ไทยซึ่งหย่าโจวทัวร์ (ประเทศไทย) จำกัด","","","","622 ซอยรัชดานิเวศน์ แขวงสามเสนนอก เขตห่วงขวาง กรุงเทพมหานคร 10310","","","","","","","S002","","0","Shinwa Anzen"
"C00268","คุณเจษฎา เดชสกุลฤทธิ","","","","","","","","","","","S002","","0","Shinwa Anzen"
"C00269","คุณเจษฎา เดชสกุล","","","","497 ถนนสมเด็จพระปิ่นเกล้า แขวงบางยี่ขัน เขตบางพลัด กรุงเทพมหานคร 10700","","","","","","","S001","","0","Shinwa Anzen"
"C00270","บ. ไรมอน แลนด์ เอกมัย จำกัด (สำนักงานใหญ่)","","","","62 อาคารเดอะมิลเลนเนียชั้น 22 ห้อง 2201-3 ถ.หลังสวน แขวงลุมพินี เขตปทุมวัน กรุงเทพมหานคร 10330","","","","","","","S002","","0","Shinwa Anzen"
"C00271","บ. คัปป้าเดลิ จำกัด","","","","219/18 อาคารอโศกทาวเวอร์ส ชั้นที่ 6 ซอยอโศก ถนนสุขุมวิท 21 แขวงคลองเตยเหนือ เขตวัฒนา กรุงเทพมหานคร","","","","","","","S002","","0","Shinwa Anzen"
"C00272","นิติบุคคลอาคารชุด เซ็นทริค อารีย์ สเตชั่น","","","","27 ซอยอารีย์ 1 ถนนพหลโยธิน แขวงสามเสนใน เขตพญาไท กรุงเทพมหานคร 10400","","","","","","","S002","","0","Shinwa Anzen"
"C00273","บริษัท แอทไลท์ จำกัด","","","","78/211 หมู่ที่ 5 ถนนบางคูรัด อำเภอบางบัวทอง จ.นนทบุรี","","","","","","","S002","","0","Shinwa Anzen"
"C00274","นิติบุคคลอาคารชุด วิลล่า อโศก","","","","1588 ถนนเพชรบุรีตัดใหม่ แขวงมักกะสัน เขคราชเทวี กรุงเทพมหานคร 10400","","","","","","","S002","","0","Shinwa Anzen"
"C00275","นิติบุคคลอาคารชุด เดอะรุม ปีทีเอส วงเวียนใหญ่","","02-4397295","","44/1 ถนนกรุงธนบุรี แขวงบางลำภูล่าง เขตคลองสาน กรุงเทพมหานคร 10600","","","02-4397295","","","","S002","","0","Shinwa Anzen"
"C00276","นิติบุคคลอาคารชุด คิว คอนโด อโศก","","","","1678 ถนนเพชรบุรีตัดใหม่ แขวงมักกะสัน เขตราชเทวี กรุงเทพมหานคร 10400","","","","","","","S002","","0","Shinwa Anzen"
"C00277","นิติบุคคลอาคารชุด ไอดีโอ วุฒากาศ","","02-8691144","02-8691103","55 ตรอกวิ่งวัว ถนนราชพฤกษ์ แขวงบางค้อ เขตจอมทอง กรุงเทพมหานคร 10150","","","02-8691144","","","","S002","","0","Shinwa Anzen"
"C00278","บริษัท เซมเพิล ค็อกเครน (เอเซีย) จำกัด","","","","976/3 ซอยแสงแจ่ม ถนนริมคลองสามเสน แขวงบางกะปิ เขตห้วยขวาง กรุงเทพฯ 10310","","คุณเจี๊ยบ","","","","","","","0","Shinwa Anzen"
"C00279","นิติบุคคลอาคารชุด เดอะเครสท์ สุขุมวิท 34","c34@th.knightfrank.com","020027102","","778 ถนนสุขุมวิท แขวงคลองตัน เขตคลองเตย กรุงเทพมหานคร","","","020027102","c34@th.knightfrank.com","","","S002","","0","Shinwa Anzen"
"C00280","บริษัท จี อินโนเวชั่น จำกัด","","0994266144","","52 ซอยประดิษฐ์มนูธรรม 25 ถนนประดิษฐ์มนูธรรม แขวงลาดพร้าว เขตลาดพร้าว กรุงเทพมหานคร 10230","","","0994266144","","","","S002","","0","Shinwa Anzen"
"C00281","บริษัท ทริค ออฟ เดอะ เทรด จำกัด","","","","30/56 ซอยรุ่งเรื่อง ถ.รัชดาภิเษก แขวงสามเสนนอก เขตห้วยขวาง กรุงเทพมหานคร 10310","","","","","","","S002","","0","Shinwa Anzen"
"C00282","บ. ยูเนียนราชประสงค์ จำกัด","","","","142 ซอยลาดพร้าว80 (จันทิมา) ถนนลาดพร้าว แขวงวังทองหลาง เขตวังทองหลาง กรุงเทพมหานคร 10310","","","","","","","S001","","0","Shinwa Anzen"
"C00283","นิติบุคคลอาคารชุด แอสปาย สาทร-ตากสิน (ทิมเบอร์โซน)","","0899393679","","55 ซอยสวนหลวง แขวงบางค้อ เขตจอมทอง กรุงเทพมหานคร 10150","","","0899393679","","","","S002","","0","Shinwa Anzen"
"C00284","นิติบุคคลอาคารชุด แอสปาย สาทร-ตากสิน (บริคโซน)","","","","69 ถนนราชพฤกษ์ ซอยสวนหลวง แขวงบางค้อ เขตจอมทอง กรุงเทพมหานคร","","","","","","","S002","","0","Shinwa Anzen"
"C00285","บริษัท คีย์พอยท์ โซลูชั่นส์ จำกัด","","","","44/5 ซอยสามภพนฤมิตร ถนนสุขุมวิท แขวงบางจาก เขตพระโขนง กรุงเทพมหานคร 10260","","","","","","","S002","","0","Shinwa Anzen"
"C00286","นิติบุคคลอาคารชุด สุพรีม การ์เด้นท์","","02-6729228","","28 ซอยเย็นอากาศ1 ถนนเย็นอากาศ แขวงทุ่งมหาเมฆ เขตสาทร กรุงเทพมหานคร 10120","","","02-6729228","","","","S002","","0","Shinwa Anzen"
"C00287","โครงการ Mews เย็นอากาศ","","","","","","","","","","","S002","","0","Shinwa Anzen"
"C00288","บริษัท ห้างขายยาเอาร์อาร์ จำกัด","","","","22/24 ม.2 ต.ทรงคนอง อ.สามพราน จ.นครปฐม 73210","","","","","","","S001","","0","Shinwa Anzen"
"C00289","บริษัท โโซลิด แปลน จำกัด","","","","18/82-85 ซอยประเสริฐมนูกิจ 24 แขวงนวมินทร์ เขตบึงกุ่ม กรุงเทพมหานคร 10230","","","","","","","S001","","0","Shinwa Anzen"
"C00290","บริษัท พี.เอ มัลติ ส จำกัด","","","","59/228 หมู่ที่ 1 แขวงลำผักชี เขตหนองจอก กรุงเทพมหานคร 10530","","","","","","","S001","","0","Shinwa Anzen"
"C00291","บริษัท ยูเนียนปทุมวัน จำกัด","","","","142 ซอยลาดพร้าว80 (จันทิมา) ถนนลาดพร้าว แขวงวังทองหลาง เขตวังทองหลาง กรุงเทพมหานคร 10310","","","","","","","S002","","0","Shinwa Anzen"
"C00292","นิติบุคคลอาคารชุด เซล รัตนาธิเบศร์","","0957692525","","744 ซอยรัตนาธิเบศร์ 36 ตำบลบางกระสอ อำเภอเมือง จังหวัดนนทบุรี 11000","","","0957692525","","","","S002","","0","Shinwa Anzen"
"C00293","คอนโด ดิเอดิเตอร์","","","","1555 คอนโด เอดิเตอร์ ถนนพหลโยธิน แขวงสามเสนใน เขตพญาไท กรุงเทพมหานคร 10400","","","","","","","S002","","0","Shinwa Anzen"
"C00294","นิติบุคคลอาคารชุด ศุลาภัยปาร์ค","","","","599 ถนนอโศก-ดินแดง แขวงดินแดง เขตดินแดง กรุงเทพมาหนคร 10400","","","","","","","S002","","0","Shinwa Anzen"
"C00295","นิติบุคคลอาคารชุด ออนิกซ์ พหลโยธิน","","","","1505 ถนนพหลโยธิน แขวงสามเสนใน เขตพญาไท กรุงเทพมหานคร 10400","","","","","","","S002","","0","Shinwa Anzen"
"C00296","บริษัท คอนแวนต์ เรียลเอสเตท จำกัด","","","","130-132 อาคารสินธร ทาวเวอร์ 1 ชั้น B ถนนวิทยุ แขวงลุมพินี เขตปทุมวัน กรุงเทพมหานคร 10330","","","","","","","S001","","0","Shinwa Anzen"
"C00297","นิติบุคคลอาคารชุดฟิวส์ สาทร-ตากสิน","","0942498705","","88 ถ.กรุงธนบุรี แขวงบางลำภูล่าง เขตคลองสาน กรุงเทพมหานคร 10600","","","0942498705","","","","S002","","0","Shinwa Anzen"
"C00298","นิติบุคคลอาคารชุด พลัมคอนโด พาร์ค รังสิต เฟส2","plumcondorangsit2@gmail.com","020475488, 0910685966","","90 ม.4 ตำบลคลองหนึ่ง อำเภอคลองหลวง ปทุมธานี","","","020475488, 0910685966","plumcondorangsit2@gmail.com","","","S002","","0","Shinwa Anzen"
"C00299","กองนันทนาการ","","","","ศาลาว่าการกรุงเทพมหานคร 2 ชั้น 5 ตึกระบายน้ำ ถ.มิตรไมตรี เขตดินแดง กรุงเทพมหานคร 10400","","","","","","","S002","","0","Shinwa Anzen"
"C00300","บริษัท อะเฮดออล จำกัด","","","","124/5-124/6 ถนนรัชดาภิเษก แขวงวงศ์สว่าง เขตบางซื่อ กรุงเทพมหานคร 10800","","","","","","","S002","","0","Shinwa Anzen"
"C00301","คุณสุพิชญา อารยะกุลชัย","","","","333 ธนาคารกรุงเทพ สนญ. ชั้น 10 สายทรัพยากรบุคคล สีลม บางรัก กรุงเทพมหานคร 10500","","","","","","","S001","","0","Shinwa Anzen"
"C00302","บริษัท คิวเอสแอล (ประเทศไทย) จำกัด","","","","66 ซอยอนามัย ถนนศรีนครินทร์ แขวงสวนหลวง เขตสวนหลวง กรุงเทพมหานคร 10250","","","","","","","S002","","0","Shinwa Anzen"
"C00303","คุณวิษณุ วงศ์วาน","","","","92/23 ม.แลนซีโอ ซ.วัดศรีประวัติ ต.ปลายบาง อ.บางกรวย จ.นนทบุรี 11130","","","","","","","","","0","Shinwa Anzen"
"C00304","คุณสุนิสา กุลเกตุ","","","","10 หมู่ที่ 8 ต.ดอนกระเบื้อง อ.บ้านโป่ง จ.ราชบุรี 70110","","","","","","","S002","","0","Shinwa Anzen"
"C00305","คุณสมบูรณ์ ชาติกิจเจริญ","","","","11/21 ซ.หมู่บ้านทางรถไฟฝั่งตวันตก ต.หัวหิน อ.หัวหิน จ.ประจวบคีรีขันธ์","","","","","","","S001","","0","Shinwa Anzen"
"C00306","คุณวีระยุทธ์ โพธิซ้อย","","","","40 หมู่ที่ 8 ต.ลำตาเสา อ.วังน้อย จ.พระนครศรีอยุธยา 13170","","","","","","","S001","","0","Shinwa Anzen"
"C00307","คุณปฏิพัทธ์ วุฒิวิทยารักษ์","","","","47 ซอยเพรชเกษม 39/5 แขวงบางแค เขตบางแค กรุงเทพมหานคร 10160","","","","","","","S001","","0","Shinwa Anzen"
"C00308","คุณสุดารัตน์ ณ นคร","","","","47/454 ม.7 ต.บางเขน อ.เมือง จ.นนทบุรี 11000","","","","","","","S001","","0","Shinwa Anzen"
"C00309","คุณสุพร ห่อหริตานนท์","","","","83/294 วิลล่าราชเทวี ถ.พญาไท แขวงถนนพญาไท เขตราชเทวี กรุงเทพมหานคร 10400","","","","","","","S001","","0","Shinwa Anzen"
"C00310","Raimon Land Public Company Limited.","","","","22nd Floor, Unit 2201-3 The Millenia Tower 62 Langsuan Rd, Lumpini, Pathumwan, Bangkok 10330","","","","","","","S002","","0","Shinwa Anzen"
"C00311","บ. สมาร์ท ไอเดนทิฟาย จำกัด","","","","594/4 ถนนหทัยราษฎร์ แขวงบางชัน เขตคลองสามวา กรุงเทพมหานคร 10510","","","","","","","S002","","0","Shinwa Anzen"
"C00312","บ. ที.เอส.ที คอมเมอร์เชียล จำกัด","","02-8911061","","345/14-15 ถ.อรุณอัมรินทร์ แขวงวัดอรุณ เขตบางกอกใหญ่ กรุงเทพมหานคร 10600","","","02-8911061","","","","S002","","0","Shinwa Anzen"
"C00313","บริษัท แอดวานซ์ไวร์เลส เน็ทเวอร์ค จำกัด","","","","408/60 อาคารพหลโยธินเพลส ชั้น 15 ถนนพหลโยธิน สามเสนใน พญาไท กรุงเทพมหานคร 10400","","","","","","","","","0","Shinwa Anzen"
"C00314","บริษัท เอสพีที ซีเคียวริเทค จำกัด","","","","265/328 ถนนสาธุประดิษฐ์ แขวงช่องนนทรี เขตยานนาวา กรุงเทพมหานคร","","K.Suppasin 0955428444","","","","","S002","","0","Shinwa Anzen"
"C00315","นิติบุคคลอาคารชุดยูนิโอ จรัญ3","","024574513","","901 ซอยจรัญสนิทวงศ์3 แขวงวัดท่าพระ เขตบางกอกใหญ่ กรุงเทพมหานคร 10600","","คุณนุ้ย E-mail :","024574513","","","","S002","","0","Shinwa Anzen"
"C00316","นิติบุคคลอาคารชุด เดอะไพรเวซี ลาดพร้าว-เสนา","","","","43 ถนนลาดพร้าววังหิน ซอย43 แขวงลาดพร้าว เขตลาดพร้าว กรุงเทพมหานคร","","คุณออย","","","","","S002","","0","Shinwa Anzen"
"C00317","บริษัท อินเตอร์เอเชีย ไลน์ (ประเทศไทย) จำกัด","","","","ที่อยู่ 25 อาคารอัลม่าลิ้งค์ ชั้น 11 ซอยชิดลม ถนนเพลินจิต แขวงลุมพินี เขตปทุมวัน กรุงเทพมหานคร 10330","","","","","","","S002","","0","Shinwa Anzen"
"C00318","นิติบุคคลอาคารชุด แวนเทจ รัชวิภา","","","","252/8 ถนนรัชดาภิเษก แขวงลาดยาว เขตจตุจักร กทม.","","","","","","","S002","","0","Shinwa Anzen"
"C00319","บริษัท อินเตอร์เอเชีย ไลน์ (ประเทศไทย) จำกัด","","","","เลขที่ 25 อาคารอัลม่า ลิงค์ ซอยชิดลม ถนนเพลินจิต แขวงลุมพินี เขตปทุมวัน กรุงเทพมหานคร 10330","","","","","","","S002","","0","Shinwa Anzen"
"C00320","Alan Thomson","Buoramee@gmail.com","0818446191 คุณเมย์","","24/3 Domus Condominium, Sukhumvit 18 Klongtoey, Bangkok","","","0818446191 คุณเมย์","Buoramee@gmail.com","","","S002","","0","Shinwa Anzen"
"C00321","บริษัท เอช โฮม จำกัด","","","","8 ซอยประชาอุทิศ 19 แขวงสีกัน เขตดอนเมือง กรุงเทพมหานคร 10220","","","","","","","S002","","0","Shinwa Anzen"
"C00322","นิติบุคคลอาคารชุด พลัมคอนโดเฟส 3","","064-118-1978","","91 หมู่ 4 ต.คลองหนึ่ง อ.คลองหลวง จ.ปทุมธานี 12120","","","064-118-1978","","","","S002","","0","Shinwa Anzen"
"C00323","คุณยุทธชัย จรณะจิตต์ (ข้อมูลที่อยู่ 889/52)","","","","889/52","","","","","","","S002","","0","Shinwa Anzen"
"C00324","The Lofts Ekkamai","","","","1413 ถนนสุขุมวิท แขวงพระโขนงเหนือ เขตวัฒนา กรุงเทพมหานคร","","","","","","","S002","","0","Shinwa Anzen"
"C00325","คุณยุทธชัย จรณะจิตต์","","","","889/52 ซอยสุขุมวิท 55 (ทองหล่อ) แขวงคลองตันเหนือ เขตวัฒนา กรุงเทพมหานคร","","","","","","","S002","","0","Shinwa Anzen"
"C00326","บริษัท ยูนิเวอร์แซล ดีไซน์ แอนด์ คอนสตรัคชั่น จำกัด","","","","427/25 ถนนพุทธบูชา แขวงบางมด เขตจอมทอง กรุงเทพมหานคร","","","","","","","S002","","0","Shinwa Anzen"
"C00327","บ. พรรณพัฒน์ ดิเวลลอปเม้นท์ จำกัด","","","","973 อาคารเพรสิเด้นท์ ชั้น 9 ห้อง 9 เอ ถนนเพลินจิต แขวงลุมพินี เขตปทุมวัน กรุงเทพมหานคร 10330","","","","","","","S002","","0","Shinwa Anzen"
"C00328","บริษัท เจดับเบิลยูแอล จำกัด","","","","360/1 หมู่ที่ 4 ถนนเศรษฐกิจ ตำบลท่าไม้ อำเภอกระทุ่มแบน จ.สมุทรสาคร 74110","","","","","","","S002","","0","Shinwa Anzen"
"C00329","บริษัท ดี.เค.เบเกอรี่มาร์ทเทรดดิ้ง จำกัด","","","","240 ถนนสิรินธร แขวงบางพลัด เขตบางพลัด กรุงเทพมหานคร 10700","","","","","","","S002","","0","Shinwa Anzen"
"C00330","The Lofts Asoke","","02 029 1888","","Sukhumvit 21 (Asoke), Klong Toey, Wattana, Bangkok 10110","","คุณโน็ต","02 029 1888","","","","S002","","0","Shinwa Anzen"
"C00331","นิติบุคคลอาคารชุดแซปเตอร์วัน โมเดิร์นดัชต์","","02-409-6700","","69 ถ.ราษฎร์บูรณะ แขวง ราษฎร์บูรณะ เขต ราษฎร์บูรณะ กรุงเทพ 10140","","","02-409-6700","","","","S002","","0","Shinwa Anzen"
"C00332","บ. รักษาความปลอดภัย จี4เอส เซอร์วิสเซส (ประเทศไทย) จก.","","02-0202489","02-0202459","อาคารชาญอิสสระทาวเวอร์ 2 ชั้น 11 เลขที่ 2922/205-206 ถนนเพชรบุรีตัดใหม่ แขวงบางกะปิ เขตห้วยขวาง กรุงเทพมหานคร 10310","","","02-0202489","","","","S002","","0","Shinwa Anzen"
"C00333","นิติบุคคลอาคารชุด ไอดีโอ สาทร-ตากสิน","","02 464 5000","","138 ถนนกรุงธนบุรี แขวงบางลำภูล่าง เขตคลองสาน กรุงเทพมหานคร 10600","","","02 464 5000","","","","S001","","0","Shinwa Anzen"
"C00334","บริษัท อีซูซุสงวนไทยมอเตอร์เซลส์ จำกัด","","","","74/5 ถนนพระราม2 ต.แม่กลอง อ.เมือง จ.สมุทรสงคราม 75000","","","","","","","S002","","0","Shinwa Anzen"
"C00335","นิติบุคคลอาคารชุด เซ็นต์หลุยส์ แกรนด์เทอเรส","","","","15 ซอยสาทร 11 ถนนสาทร ยานนาวา กรุงเทพมหานคร 10120","","","","","","","S002","","0","Shinwa Anzen"
"C00336","บริษัท จีไอเอส จำกัด","","026780707","","202 ถนนนางลิ้นจี่ แขวงช่องนนทรี เขตยานนาวา กรุงเทพมหานคร 10120","","","026780707","","","","S002","","0","Shinwa Anzen"
"C00337","บ. แอดวานซ์ ออเตโมชัน ซิสเต็ม จำกัด","","","","18/285 หมู่ที่ 5 ซอย สยามธรณี ถนนคู้บอน แขวงท่าแร้ง เขตบางเขน กรุงเทพมหานคร 10220","","","","","","","S002","","0","Shinwa Anzen"
"C00338","คุณนราธิป พัชโรทัย","","0818399919","","","","","0818399919","","","","S002","","0","Shinwa Anzen"
"C00339","นิติบุคคลอาคารชุด ไอดีโอ คิว ราชเทวี","","02-0631448","","515 ถนนเพชรบุรี แขวงถนนพญาไท เขตราชเทวี กรุงเทพมหานคร 10400","","","02-0631448","","","","S002","","0","Shinwa Anzen"
"C00340","บริษัท ไอเอซีจี จำกัด","","02-9610826-29","","50/288 หมู่ที่ 9 ตำบลบางพูด อำเภอปากเกร็ด จังหวัด นนทบุรี 11120","","","02-9610826-29","","","","S002","","0","Shinwa Anzen"
"C00341","บริษัท อี แอนด์ ซี อินเตอร์เน็ทเวิร์ค จำกัด","","","","99/388 ถ.นนทรี แขวงช่องนนทรี เขตยานนาวา กรุงเทพมหานคร 10120","","","","","","","S002","","0","Shinwa Anzen"
"C00342","คุณสมจิตต์ เศรษฐิน","","","","185/207 อาคาร 185 ราชดำริ ถนนราชดำริ แขวงลุมพินี เขตปทุมวัน กรุงเทพมาหนคร","","","","","","","S002","","0","Shinwa Anzen"
"C00343","บริษัท เอซีอาร์แมเนจเม้นท์ จำกัด","","02-285-4645 ต่อ111","","98 อโศก-ดินแดง แขวงบางกะปิ เขตห้วยขวาง กรุงเทพมหานคร 10310","","","02-285-4645 ต่อ111","","","","S002","","0","Shinwa Anzen"
"C00344","บริษัท ดีเน็ต โซลูชั่น จำกัด","","02-634-7669","","177/1 อาคารบางกอกสหประกันภัย ชั้น 12 ยูนิต 2 ถนนสุวรวศ์ แขวงสุริยวงศ์ เขตบางรัก กรุงเทพมหานคร 10500","","","02-634-7669","","","","","","0","Shinwa Anzen"
"C00345","บริษัท เตรส คาซ่า จำกัด","","021-820-1939","","เลขที่ 3 ซอยรามคำแหง 46 (กองทุนที่ดิน) ถนนรามคำแหง แขวงหัวหมาก เขตบางกะปิ กรุงเทพมหานคร 10240","","","021-820-1939","","","","S002","","0","Shinwa Anzen"
"C00346","นิติบุคคลอาคารชุด โมทีฟ คอนโด","","02-4464013, 062-5464013","","219 ถนนอินทรพิทักษ์ แขวงบางยี่เรือ เขตธนบุรี กรุงเทพมหานคร","","","02-4464013, 062-5464013","","","","S002","","0","Shinwa Anzen"
"C00347","อาจารย์ตุ่ย","","","","","","","","","","","S002","","0","Shinwa Anzen"
"C00348","นิติบุคคลอาคารชุด ไอดีโอ บลูโคฟ สาทร","","023162222","","11 ถนนกรุงธนบุรี คลองต้นไทร คลองสาน กรุงเทพมหานคร","","","023162222","","","","S002","","0","Shinwa Anzen"
"C00349","บ. บัวสยาม การเคหะกรุ๊ป จำกัด","","","","โครงการ 88 ศาลายา","","","","","","","S002","","0","Shinwa Anzen"
"C00350","บริษัท โนวาส โซลูชั่น (ประเทศไทย) จำกัด","","","","99/133 หมู่4 ถนนพระราม2 แขวงแสมดำ เขตบางขุนเทียน กรุงเทพมหานคร 10150","","","","","","","S001","","0","Shinwa Anzen"
"C00351","นิติบุคคลอาคารชุด เดอะเวอร์ติคัล อารีย์","","02-619-9680","","52 ซอยอารีย์1 ถนนพหลโยธิน แขวงสามเสนใน เขตพญาไท กรุงเทพมหานคร 10400","","","02-619-9680","","","","S002","","0","Shinwa Anzen"
"C00352","คุณอภิณห์พร เลิศเศวตพงศ์","","","","32/48 คอนโดไอวีรัชดา ถนนรัชดาภิเษก 20 แขวงสามเสนนอก แขวงห้วยขวาง กรุงเทพมหานคร","","","","","","","S001","","0","Shinwa Anzen"
"C00353","บริษัท พรมิตร จำกัด","","02-264-0551","","193/27 ชั้น6 อาคารเลครัชดาออฟฟิศคอมเพล็กซ์ ถ.รัชดาภิเษก แขวงคลองเตย เขตคลองเตย กรุงเทพมหานคร 10110","","E-mail :","02-264-0551","","","","S002","","0","Shinwa Anzen"
"C00354","คุณดวงกมล วทัญญุตานนท์","","","","7 ซอย 4 ถนนเสรี 2 หมู่บ้านเสรี สวนหลวง กรุงเทพมหานคร 10250","","","","","","","S001","","0","Shinwa Anzen"
"C00355","นิติบุคคลอาคารชุดไซมิส สุรวงศ์","","02-233-0206","","75 ถนนทรัพย์ แขวงสี่พระยา เขตบางรัก กรุงเทพมหานคร 10500","","","02-233-0206","","","","S001","","0","Shinwa Anzen"
"C00356","บริษัท ครีเอทีฟ อินโนเวชั่น เทคโนโลยี จำกัด","","02-402-9898 ต่อ 120","","427/54 ถนนประชาราษฎร์ 2 แขวงบางซื่อ เขตบางซื่อ กรุงเทพมหานคร 10800","","","02-402-9898 ต่อ 120","","","","S002","","0","Shinwa Anzen"
"C00357","นิติบุคคลอาคารชุด ดิแอดเดร สาทร","Address_sathorn@savills.co.th","02-6351501","","98 ซอยศึกษาวิทยา แขวงสีลม เขตบางรัก กรุงเทพมหานคร 10500","","","02-6351501","Address_sathorn@savills.co.th","","","S002","","0","Shinwa Anzen"
"C00358","บริษัท ดีทูเอส กรุ๊ป จำกัด","","","","21/23 หมู่ 2 ตำบลบางใหญ่ อำเภอบางใหญ่ จ.นนทบุรี","","","","","","","S002","","0","Shinwa Anzen"
"C00359","Ms. Pang Li","","","","12nd Floor, GPF Witthayu Tower B, 93/1 Wireless Road Lumpini, Pathumwan, Bangkok 10330","","","","","","","S002","","0","Shinwa Anzen"
"C00360","คุณน้อย คงขยะนันท์","","","","647/266 ถ.ลาดพร้าว แขวงจอมพล เขตจตุจักร กรุงเทพมหานคร","","","","","","","","","0","Shinwa Anzen"
"C00361","บริษัท สมาร์ท ไอที เซิร์ฟ จำกัด","","0 2866 6126","","9/54 หมู่ 7 ถนนผดุงพันธ์ แขวงหนองจอก เขตหนองจอก กรุงเทพมหานคร 10530","","","0 2866 6126","","","","S002","","0","Shinwa Anzen"
"C00362","บ. เค เควิน เอ็นจิเนียริง จำกัด","","","","777/23 ม.9 ต.บางปลา อ.บางพลี จ.สมุทรปราการ","","","","","","","","","0","Shinwa Anzen"
"C00363","บริษัท อินโนเวชั่น ควอลิทอล เทคโนโลยี จำกัด","","081-8461486","","143 ซอยนนทบุรี 8 ตำบลบางกระสอ อำเภอเมือง จังหวัด นนทบุรี 11000","","","081-8461486","","","","S002","","0","Shinwa Anzen"
"C00364","บริษัท อนันดา ดีเวลลอปเม้นท์ ทู จำกัด","","02-317-1155","","99/4 หมู่ 14 ถ.บางนา-ตราด กม 10.5 ต. บางพลีใหญ่ อ.บางพลี จ.สมุทรปราการ 10540","","","02-317-1155","","","","S002","","0","Shinwa Anzen"
"C00365","Ariva Hospitality Thonglor Co., Ltd.","","","","Ariva Hospitality Thonglor Co., Ltd. Wattana, Bangkok 10110","","","","","","","S002","","0","Shinwa Anzen"
"C00366","นิติบุคคลอาคารชุด แอสปราย รัชดา-วงศ์สว่าง","","","","1411 ถนนกรุงเทพ-นนทบุรี แขวงวงศ์สว่าง เขตบางซื่อ กรุงเทพมหานคร","","","","","","","S002","","0","Shinwa Anzen"
"C00367","นิติบุคคลอาคารชุด ริทึ่ม สาทร","","0-2166-1902","","141 ถ.สาทรใต้ แขวงยานนาวา เขตสาทร กรุงเทพมหานคร 10120","","","0-2166-1902","","","","S002","","0","Shinwa Anzen"
"C00368","คุณกัสมา","","","","","","","","","","","S002","","0","Shinwa Anzen"
"C00369","The Sukhothai Bangkok","","","","13/3 South Sathorn Rd. Bangkok 10120 Thailand","","","","","","","S002","","0","Shinwa Anzen"
"C00370","บริษัท เคกก์เอ็น ดีไซน์ แอนด์ เอ็นจิเนียริง จำกัด","","0-2069-0499","","135/9 หมู่ที่ 2 ถนนเทพารักษ์ ตำบลบางเสาธง อำเภบางเสาธง จังหวัดสมุทรปราการ 10540","","","0-2069-0499","","","111100","S002","001","30","Shinwa Anzen"
"C00371","นิติบุคคลอาคารชุด ไอดีโอ โมบิ พระราม9","","091-8051333","","เลขที่ 90 ถนนพระราม 9 แขวงห้วยขวาง เขตห้วยขวาง กรุงเทพมหานคร 10310","","","091-8051333","","","","S002","","0","Shinwa Anzen"
"C00372","ห้างหุ้นส่วนจำกัด เวิลด์คอนเทนเนอร์","","","","22/24 ม.2 ต.ทรงคนอง อ.สามพราน จนครปฐม. 73210","","","","","","","S002","","0","Shinwa Anzen"
"C00373","Mitr Phol Sugar Corp., Ltd.","","02-794-1000","","2 อาคารเพลินจิตเซ็นเตอร์ ซอย 2 ถนนสุขุมวิท แขวงคลองเตย เขตคลองเตย กทม 10110","","คุณณัชชา ฤกษ์สรรเสริญ","02-794-1000","","","","S002","","0","Shinwa Anzen"
"C00374","นิติบุคคลอาคารชุด ไอดีโอคิว จุฬา","","","","660 ถ.พระรามที่ 4 แขวงมหาพฤฒราม เขตบางรัก กรุงเทพมหานคร","","","","","","","","","0","Shinwa Anzen"
"C00375","บริษัท ซี.เค.ยูไนเต็ด จำกัด","","","","33/87, 33/88 อาคารวอลล์สตรีททาวเวอร์ ชั้น 17 ถนนสุรวงศ์ แขวงสุริยวงศ์ เขตบางรัก กรุงเทพมหานคร 10500","","","","","","","S002","","0","Shinwa Anzen"
"C00376","บริษัท พีเอ็น ออลล์ จำกัด","","","","8 ซอยลาดพร้าว 110 (สนธิวัฒนา) แขวงพลับพลา เขตวังทองหลาง จ.กรุงเทพมหานคร 10310","","","","","","","","","0","Shinwa Anzen"
"C00377","บริษัท โปร ทีม โฟร์ แอนด์ เรสคิว จำกัด","","","","279/13 หมู่ที่ 1 ซอยบุญมาก 1 ถนนสรงประภา แขวงสีกัน เขตดอนเมือง จ.กรุงเทพมหานคร","","","","","","","S002","","0","Shinwa Anzen"
"C00378","บริษัท แอมเบอร์สมาร์ทอินชัวรัส์โบรคเกอร์ จำกัด","","","","27 ซ.เพชรเกษม21 แขวงปากคลองภาษีเจริญ เขตภาษีเจริญ กรุงเทพมหานคร 10160","","","","","","","S002","","0","Shinwa Anzen"
"C00379","นิติบุคคลอาคารชุด ยูนิโอ สุขุมวิท 72 เฟส1","","02-1366490","","285 หมู่1 ตำบลสำโรงเหนือ อำเภอเมืองสมุทรปราการ จ.สมุทรปราการ 10270","","","02-1366490","","","","S002","","0","Shinwa Anzen"
"C00380","ธนาคารไอซีบีซี (ไทย)","","","","11-13 เอ็มโพเรี่ยมทาวเวอร์ เลขที่ 622 ถนนสุขุมวิท แขวงคลองตัน เขตคลองเตย กรุงเทพมหานคร 10110","","","","","","","S002","","0","Shinwa Anzen"
"C00381","นิติบุคคลอาคารชุด ไอวี่ ริเวอร์","ivy_river@hotmail.com","02-496-9096-9","","57 ชั้น 1 อาคารดี ถนนราษฎร์บูรณะ แขวงบางปะกอก เขตราษฎร์บูรณะ กรุงเทพมหานคร 10140","","","02-496-9096-9","ivy_river@hotmail.com","","","S002","","0","Shinwa Anzen"
"C00382","นิติบุคคลอาคารชุด ยูนิโอ พระราม2-ท่าข้าม","","02-0444433","","15/729 ถ.ท่าข้าม แขวงแสมดำ เขตบางขุนเทียน กรุงเทพมหานคร 10150","","คุณปู","02-0444433","","","","S002","","0","Shinwa Anzen"
"C00383","Ananda MF Asia Co.Ltd.,","","","","99/1 Moo.14 Bangna Trad (KM. 10.5) Road., Bangpleyai, Bangple, Samutprakan 10540","","","","","","","S002","","0","Shinwa Anzen"
"C00384","บริษัท ไอเอ็น เทคโน เทค จำกัด","","081-621-9297","","8/1 ถนนสุเหร่าคลองหนึ่ง แขวงบางชัน เขตคลองสามวา กรุงเทพมหานคร 10510","","","081-621-9297","","","","S002","","0","Shinwa Anzen"
"C00385","บริษัท ไทย เซโฟลูชัน จำกัด","","","","5/306 หมู่ที่ 23 ตำบลบางพลีใหญ่ อำเภอบางพลี จ.สมุทรปราการ","","","","","","","S002","","0","Shinwa Anzen"
"C00386","บริษัท พีเอส เน็ต จำกัด","","","","980/37 ซอยวชิรธรรมสาธิต 57 ถนนสุขุมวิท 10260","","","","","","","S002","","0","Shinwa Anzen"
"C00387","บริษัท เอทดิเอท เดด คอร์เรทแอนด์ดีไซน์ จำกัด","","","","104/73 หมู่ที่ 10 ตำบลบางกร่าง อำเภอเมืองนนทบุรี จังหวัดนนทบุรี","","","","","","","S002","","0","Shinwa Anzen"
"C00388","บริษัท ไไซล์ ซิสเท็ม จำกัด","","","","59/162 หมู่ที่ 5 ตำบลศาลากลาง อำเภอบางกรวย จนนทบุรี. 11130","","","","","","","S002","","0","Shinwa Anzen"
"C00389","บริษัท เอทติเอท เดคคอร์เรทแอนด์ดีไซน์ จำกัด","","","","104/73 หมู่ที่ 10 ตำบลบางกร่าง อำเภอเมืองนนทบุรี จ.นนทบุรี 11000","","","","","","","S002","","0","Shinwa Anzen"
"C00390","บริษัท ฟิตเนส24 เซเว่น (ประเทศไทย) จำกัด","","","","399 อาคารอินเตอร์เชนจ์ 21 ชั้นที่ 32 และ 33 ถนนสุขุมวิท แขวงคลองเตยเหนือ เขตวัฒนา กรุงเทพมหานคร 10110","","","","","","","S002","","0","Shinwa Anzen"
"C00391","มูลนิธิเพื่อสถาบันปิโตรเลียมแห่งประเทศไทย","","0-2537-0440-8","0-2537-0449","ชั้น 11 ศูนย์เอนเนอร์ยี่คอมเพล็กซ์ อาคารบี เลขที่ 555/2 ถ.วิภาวดีรังสิต แขวงจตุจักร เขตจตุจักร กรุงเทพมหานคร 10900","","","0-2537-0440-8","","","","S001","","0","Shinwa Anzen"
"C00392","ห้างหุ้นส่วนจำกัด คิดดี ดีไซน์ ดี","","","","77/1 หมู่ 4 ถนน 345 ต.ละหาร อ.บางบัวทอง จ.นนทบุรี 11110","","","","","","","S002","","0","Shinwa Anzen"
"C00393","บ. มาสเตอร์ คอนโทรล จำกัด","","","","1588/3 ถ.บางนา-ตราด แขวงบางนา เขตบางนา กรุงเทพมหานคร 10260","","","","","","","S002","","0","Shinwa Anzen"
"C00394","บริษัท พรปวีร์ ซัพพลาย แอนด์ คอนสตรัคชั่น จำกัด","","","","141/26-27 ถนนสุขุมวิท ต.ศรีราชา อ.ศรีราชา จ.ชลบุรี 20110","","","","","","","S002","","0","Shinwa Anzen"
"C00395","Rugby School Thailand","","","","7/2 Moo 2, Khao Mai Kaew, Bang lamung, Chonburi 20150","","","","","","","S002","","0","Shinwa Anzen"
"C00396","บริษัท เค.จ.ที. เอ็นจิเนียริง แอนด์ ซัพพลาย จำกัด","","","","1/3 ซอยเพชรเกษม 48 แยก 22 แขวงบางแวก เขตภาษีเจริญ กรุงเทพมหานคร","","","","","","","S002","","0","Shinwa Anzen"
"C00397","นิติบุคคลอาคารชุด เดอะคีย์ สาทร-เจริญราษฎร์","","02-307-8688","","31 ถนนเจริญราษฎร์ แขวงบางโคล่ เขตบางคอแหลม กทม. 10120","","","02-307-8688","","","","","","0","Shinwa Anzen"
"C00398","นิติบุคคลอาคารชุด เดอะทรี สุขุมวิท 64","","0829925975","","59 ซอยสุขุมวิท 64 แขวงพระโขนงใต้ เขตพระโขนง กรุงเทพมหานคร 10260","","","0829925975","","","","S002","","0","Shinwa Anzen"
"C00399","นิติบุคคลอาคารชุด แอสปาย วุฒากาศ","","","","199 ซอยวุฒากาศ 14 แขวงตลาดพูล เขตธนบุรี กรุงเทพมหานคร 10600","","","","","","","S002","","0","Shinwa Anzen"
"C00400","สมาคมเพื่อการศึกษานานาชาติ","","","","39/7 ซอยนิดาธานี ถนนสามัคคี ตำบลบางตลาด อำเภอปากเกร็ด จังหวัดนนทบุรี 11120","","","","","","","S002","","0","Shinwa Anzen"
"C00401","บริษัท ทเวนตี้โฟร์ อาวเวอร์ส ซีเคียวริตี้ จำกัด","","","","13/2 ซอยโชคชัย 4 ซอย 49 แขวงลาดพร้าว เขตลาดพร้าว กรุงเทพมหานคร 10230","","","","","","","S002","","0","Shinwa Anzen"
"C00402","คอนโด ยู ดีไลท์ รัตนาธิเบศร์","","","","","","","","","","","S002","","0","Shinwa Anzen"
"C00403","บริษัท ซีเคียวริตี้ คอมมูนิเคชั่น จำกัด","","","","35 ซอยรามอินทรา 5 แยก 23 แขวงอนุสาวรีย์ เขตบางเขน กรุงเทพมหานคร 10220","","","","","","","S002","","0","Shinwa Anzen"
"C00404","บริษัท เอสอีซี มีเดีย จำกัด","","","","4/2 ซอยพหลโยธิน 32 แขวงเสนานิคม เขตจตุจักร กรุงเทพมหานคร 10900","","","","","","","S001","","0","Shinwa Anzen"
"C00405","นิติบุคคลอาคารชุด ไอดีโอ สาทร-วงเวียนใหญ่","","02-005-4422","","52 ถนนกรุงธนบุรี แขวงบางลำภูล่าง เขตคลองสาน กรุงเทพมหานคร 10600","","","02-005-4422","","","","S002","","0","Shinwa Anzen"
"C00406","บจก. ทีซีซี แอสเซ็ท (ประเทศไทย)","","","","195 อาคารเอ็มไพร์ทาวเวอร์ ชั้น 51 ถนนสาทรใต้ แขวงยานนาวา เขตสาทร กรุงเทพมหานคร 10120","","","","","","","S002","","0","Shinwa Anzen"
"C00407","นิติบุคคลอาคารชุด เดอะ ลอฟท์ เอกมัย","","02-0542388","","1413 ถนนสุขุมวิท แขวงพระโขนงเหนือ เขตวัฒนา กรุงเทพมหานคร 10110","","","02-0542388","","","","S002","","0","Shinwa Anzen"
"C00408","นิติบุคคลอาคารชุด แชปเตอร์วัน อีโค รัชดา-ห้วยขวาง","","02-1614741","","144 ถนนประชาอุทิศ แขวงห้วยขวาง เขตห้วยขวาง กรุงเทพมหานคร 10310","","","02-1614741","","","","S002","","0","Shinwa Anzen"
"C00409","นิติบุคคลอาคารชุด ไลฟ์ ปิ่นเกล้า","","","","555 ถนนจรัญสนิทวงศ์ แขวงบางบำหรุ เขตบางพลัด กรุงเทพมหานคร 10700","","","","","","","S002","","0","Shinwa Anzen"
"C00410","บริษัท บีซีไอ (ประเทศไทย) จำกัด","","","","333 อาคารรสาทาวเวอร์ ชั้น 21 ยูนิต 2101-4 ถนนพหลโยธิน แขวงจอมพล เขตจตุจักร กรุงเทพมหานคร 10900","","","","","","","S002","","0","Shinwa Anzen"
"C00411","นิติบุคคลอาคารชุด นิช โมโน สุขุมวิท แบริ่ง","","02-0010955","","2888 ถนนสุขุมวิท ตำบลสำโรงเหนือ อำเภอเมืองสมุทรปราการ จังหวัดสมุทรปราการ 10270","","","02-0010955","","","","S002","","0","Shinwa Anzen"
"C00412","บริษัท ไอริส ลิฟวิ่ง จำกัด","","","","9/99 ซอยพหลโยธิน 34 แขวงเสนานิคม เขตจตุจักร กรุงเทพมหานคร 10900","","","","","","","S002","","0","Shinwa Anzen"
"C00413","บริษัท นิปปอน เอ็กซ์เพรส (ประเทศไทย) จำกัด","","","","33/4 หมู่ 2 ถนนบางนา-ตราด กม.19 ตำบลบางโฉลง อำเภอบางพลี จังหวัดสมุทรปราการ 10540","","","","","","","S002","","0","Shinwa Anzen"
"C00414","บริษัท เบทาโกร จำกัด (มหาชน)","","","","323 อาคารเบทาโกรทาวเวอร์ ถนนวิภาวดีรังสิต แขวงตลาดบางเขน เขตหลักสี่ กรุงเทพมหานคร 10210","","","","","","","S002","","0","Shinwa Anzen"
"C00415","นิติบุคคลอาคารชุด ศุภาลัย พรีเมียร์ เจริญนคร","","","","88 ถนนเจริญนคร แขวงคลองต้นไทร เขตคลองสาน กรุงเทพมหานคร 10600","","","","","","","S002","","0","Shinwa Anzen"
"C00416","บริษัท มิตรผล คอร์ปอเรชั่น จำกัด","","","","2 อาคารเพลินจิตเซ็นเตอร์ ถนนสุขุมวิท แขวงคลองเตย เขตคลองเตย กรุงเทพมหานคร 10110","","","","","","","S002","","0","Shinwa Anzen"
"C00417","นิติบุคคลอาคารชุด นิว โนเบิล แจ้งวัฒนะ","","","","99/9 ถนนแจ้งวัฒนะ ตำบลคลองเกลือ อำเภอปากเกร็ด จังหวัดนนทบุรี 11120","","","","","","","S002","","0","Shinwa Anzen"
"C00418","บริษัท ดิจิตอล พาวเวอร์ เทคโนโลยี จำกัด","","","","45/1 ซอยสุภาพงษ์ 3 ถนนศรีนครินทร์ แขวงหนองบอน เขตประเวศ กรุงเทพมหานคร 10250","","","","","","","S001","","0","Shinwa Anzen"
"C00419","คอนโด เดอะ ไลน์ อโศก-รัชดา","","","","88 ถนนดินแดง แขวงดินแดง เขตดินแดง กรุงเทพมหานคร 10400","","","","","","","S002","","0","Shinwa Anzen"
"C00420","นิติบุคคลอาคารชุด พลัมคอนโด แจ้งวัฒนะ สเตชั่น","","","","12/45 ถนนแจ้งวัฒนะ แขวงตลาดบางเขน เขตหลักสี่ กรุงเทพมหานคร 10210","","","","","","","S002","","0","Shinwa Anzen"
"C00421","บริษัท เจริญโภคภัณฑ์อาหาร จำกัด (มหาชน)","","","","313 อาคารซี.พี.ทาวเวอร์ ถนนสีลม แขวงสีลม เขตบางรัก กรุงเทพมหานคร 10500","","","","","","","S002","","0","Shinwa Anzen"
"C00422","นิติบุคคลอาคารชุด เดอะ คีย์ อุดมสุข","","","","9 ซอยเฉลิมพระเกียรติ ร.9 ซอย 6 แขวงหนองบอน เขตประเวศ กรุงเทพมหานคร 10250","","","","","","","S002","","0","Shinwa Anzen"
"C00423","บริษัท โตโยต้า มอเตอร์ ประเทศไทย จำกัด","","","","186/1 หมู่ 1 ถนนทางรถไฟเก่า ตำบลสำโรงใต้ อำเภอพระประแดง จังหวัดสมุทรปราการ 10130","","","","","","","S002","","0","Shinwa Anzen"
"C00424","นิติบุคคลอาคารชุด คอนโดเลต มิสท์ พระราม 9","","","","22 ถนนพระราม 9 แขวงห้วยขวาง เขตห้วยขวาง กรุงเทพมหานคร 10310","","","","","","","S002","","0","Shinwa Anzen"
"C00425","บริษัท บิ๊กซี ซูเปอร์เซ็นเตอร์ จำกัด (มหาชน)","","","","97/11 ถนนราชดำริ แขวงลุมพินี เขตปทุมวัน กรุงเทพมหานคร 10330","","","","","","","S002","","0","Shinwa Anzen"
"C00426","คอนโด ไอดีโอ โอทู","","","","88 ถนนสรรพาวุธ แขวงบางนาใต้ เขตบางนา กรุงเทพมหานคร 10260","","","","","","","S002","","0","Shinwa Anzen"
"C00427","บริษัท ปตท. สำรวจและผลิตปิโตรเลียม จำกัด (มหาชน)","","","","555/1 ศูนย์เอนเนอร์ยี่คอมเพล็กซ์ อาคารเอ ถนนวิภาวดีรังสิต แขวงจตุจักร เขตจตุจักร กรุงเทพมหานคร 10900","","","","","","","S001","","0","Shinwa Anzen"
"C00428","นิติบุคคลอาคารชุด เดอะ ทรี พริวาต้า","","","","345 ถนนประชาราษฎร์สาย 1 แขวงบางซื่อ เขตบางซื่อ กรุงเทพมหานคร 10800","","","","","","","S002","","0","Shinwa Anzen"
"C00429","บริษัท กรุงเทพประกันภัย จำกัด (มหาชน)","","","","25 ถนนสาทรใต้ แขวงทุ่งมหาเมฆ เขตสาทร กรุงเทพมหานคร 10120","","","","","","","S002","","0","Shinwa Anzen"
"C00430","นิติบุคคลอาคารชุด เซ็นทริค ห้วยขวาง สเตชั่น","","","","55 ถนนรัชดาภิเษก แขวงห้วยขวาง เขตห้วยขวาง กรุงเทพมหานคร 10310","","","","","","","S002","","0","Shinwa Anzen"
"C00431","บริษัท ทางด่วนและรถไฟฟ้ากรุงเทพ จำกัด (มหาชน)","","","","587 ถนนสุทธิสารวินิจฉัย แขวงรัชดาภิเษก เขตดินแดง กรุงเทพมหานคร 10400","","","","","","","S002","","0","Shinwa Anzen"
"C00432","นิติบุคคลอาคารชุด ไนท์บริดจ์ สกายซิตี้ สะพานใหม่","","","","88 ถนนพหลโยธิน แขวงอนุสาวรีย์ เขตบางเขน กรุงเทพมหานคร 10220","","","","","","","S002","","0","Shinwa Anzen"
"C00433","บ. ฟิตเนส24 เซเว่น (ประเทศไทย) จำกัด","","","","เลขที่ 1106 อาคารซัมเมอร์ฮิลล์ ห้องเลขที่ 3046 ชั้นที่ 3 ถ.สุขุมวิท แขวงพระโขนง เขตคลองเตย กทม. 10110","","","","","","","S002","","0","Shinwa Anzen"
"C00434","บริษัท ซิโน-ไทย เอ็นจีเนียริ่ง แอนด์ คอนสตรัคชั่น จำกัด (มหาชน)","","","","32/47 อาคารซิโน-ไทย ทาวเวอร์ ถนนสุขุมวิท 21 แขวงคลองเตยเหนือ เขตวัฒนา กรุงเทพมหานคร 10110","","","","","","","S002","","0","Shinwa Anzen"
"C00435","นิติบุคคลอาคารชุด เอลลิโอ เดล มอสส์ พหลโยธิน 34","","","","9 ซอยพหลโยธิน 34 แยก 11 แขวงเสนานิคม เขตจตุจักร กรุงเทพมหานคร 10900","","","","","","","S002","","0","Shinwa Anzen"
"C00436","บริษัท พฤกษา เรียลเอสเตท จำกัด (มหาชน)","","","","1177 อาคารเพิร์ล แบงก์ค็อก ถนนพหลโยธิน แขวงพญาไท เขตพญาไท กรุงเทพมหานคร 10400","","","","","","","S002","","0","Shinwa Anzen"
"C00437","นิติบุคคลอาคารชุด เดอะ ไลน์ จตุจักร-หมอชิต","","","","988 ถนนพหลโยธิน แขวงจอมพล เขตจตุจักร กรุงเทพมหานคร 10900","","","","","","","S002","","0","Shinwa Anzen"
"C00438","บริษัท ไทยออยล์ จำกัด (มหาชน)","","","","555/1 ศูนย์เอนเนอร์ยี่คอมเพล็กซ์ อาคารเอ ชั้น 11 ถนนวิภาวดีรังสิต แขวงจตุจักร เขตจตุจักร กรุงเทพมหานคร 10900","","","","","","","S002","","0","Shinwa Anzen"
"C00439","นิติบุคคลอาคารชุด นิช โมโน รามคำแหง","","","","88 ถนนรามคำแหง แขวงหัวหมาก เขตบางกะปิ กรุงเทพมหานคร 10240","","","","","","","S002","","0","Shinwa Anzen"
"C00440","บริษัท หลักทรัพย์จัดการกองทุนรวม บัวหลวง จำกัด","","","","175 อาคารสาธรซิตี้ทาวเวอร์ ถนนสาทรใต้ แขวงทุ่งมหาเมฆ เขตสาทร กรุงเทพมหานคร 10120","","","","","","","S002","","0","Shinwa Anzen"
"C00441","นิติบุคคลอาคารชุด เมโทร สกาย ประชาชื่น","","","","99 ถนนประชาชื่น แขวงวงศ์สว่าง เขตบางซื่อ กรุงเทพมหานคร 10800","","","","","","","S002","","0","Shinwa Anzen"
"C00442","บริษัท เอสซี แอสเสท คอร์ปอเรชั่น จำกัด (มหาชน)","","","","1010 ถนนวิภาวดีรังสิต แขวงจตุจักร เขตจตุจักร กรุงเทพมหานคร 10900","","","","","","","S002","","0","Shinwa Anzen"
"C00443","บ. ฟิตเนส24 เซเว่น (ประเทศไทย) จำกัด","","","","เลขที่ 1106 อาคารซัมเมอร์ฮิลล์ ห้องเลขที่ 3046 ชั้นที่ 3 ถ.สุขุมวิท แขวงพระโขนง เขตคลองเตย กทม. 10110","","","","","","","S002","","0","Shinwa Anzen"
"C00444","นิติบุคคลอาคารชุด วี ไวบ์ ซิกเนเจอร์","","","","44 ถนนประชาราษฎร์สาย 2 แขวงบางซื่อ เขตบางซื่อ กรุงเทพมหานคร 10800","","","","","","","S002","","0","Shinwa Anzen"
"C00445","บริษัท แสนสิริ จำกัด (มหาชน)","","","","59 ซอยริมคลองพระโขนง แขวงพระโขนงเหนือ เขตวัฒนา กรุงเทพมหานคร 10110","","","","","","","S002","","0","Shinwa Anzen"
"C00446","นิติบุคคลอาคารชุด เอลลิโอ สาทร-วุฒากาศ","","","","88 ถนนราชพฤกษ์ แขวงบางค้อ เขตจอมทอง กรุงเทพมหานคร 10150","","","","","","","S002","","0","Shinwa Anzen"
"C00447","บริษัท น้ำตาลมิตรผล จำกัด","","","","2 อาคารเพลินจิตเซ็นเตอร์ ถนนสุขุมวิท แขวงคลองเตย เขตคลองเตย กรุงเทพมหานคร 10110","","","","","","","S002","","0","Shinwa Anzen"
"C00448","นิติบุคคลอาคารชุด พลัมคอนโด รามคำแหง สเตชั่น","","","","11 ถนนรามคำแหง แขวงสวนหลวง เขตสวนหลวง กรุงเทพมหานคร 10250","","","","","","","S002","","0","Shinwa Anzen"
"C00449","บริษัท ทีโอที จำกัด (มหาชน)","","","","89/2 หมู่ 3 ถนนแจ้งวัฒนะ แขวงทุ่งสองห้อง เขตหลักสี่ กรุงเทพมหานคร 10210","","","","","","","S002","","0","Shinwa Anzen"
"C00450","นิติบุคคลอาคารชุด ลุมพินี วิลล์ สุขุมวิท 76","","","","76 ซอยสุขุมวิท 76 ตำบลสำโรงเหนือ อำเภอเมืองสมุทรปราการ จังหวัดสมุทรปราการ 10270","","","","","","","S002","","0","Shinwa Anzen"
"C00451","คุณจันทนา โลหพันธุ์วงศ์","","08-2339-1930","","","","","08-2339-1930","","","","S002","","0","Shinwa Anzen"
"C00452","MR.Ibrahim Mohamed","","","","68/140 Park 24","","","","","","","S002","","0","Shinwa Anzen"
"C00453","บริษัท สิงห์ พร็อพเพอร์ตี้ ดีเวลล็อปเม้นท์ จำกัด","","","","อาคารสิงห์ คอมเพล็กซ์ ชั้นที่ 15 เลขที่ 1788 ถ.เพชรบุรีตัดใหม่ แขวงบางกะปิ เขตห้วยขวาง กรุงเทพมหานคร","","","","","","","S002","","0","Shinwa Anzen"
"C00454","Mr.Mohamed Ibrahim","","","","BAAN YIN DEE BOUTIQUE RESORT, 7/5 Muean Ngen Road, Patong Beach, Kathu, Phuket. 83150","","Mr.Mohamed Ibrahim","","","","","S002","","0","Shinwa Anzen"
"C00455","หม่อมหลวงมิ่งมงคล โสณกุล","","","","12 รวมสุขคอนโดมิเนียม สุขุมวิท 26 แขวงคลองตัน เขตคลองเตย กทม. 10110","","","","","","","S002","","0","Shinwa Anzen"
"C00456","คุณธงชัย บุศราพันธ์","","","","27 ซอยร่วมฤดี แขวงลุมพีนี เขตปทุมวัน กรุงเทพมหานคร 10330","","","","","","","S002","","0","Shinwa Anzen"
"C00457","บริษัท สยามสินธร จำกัด","","","","เลขที่ 130-132 อาคารสินธร ทาวเวอร์ 1 ชั้น 4 ถนนวิทยุ แขวงลุมพินี เขตปทุมวัน กรุงเทพมหานคร 10330","","","","","","","S002","","0","Shinwa Anzen"
"C00458","ห้างหุ่นส่วนจำกัด โอฬารเรื่องกิจ","","","","46/67 ม.3 ถนนศรีสมาน ตำบลบ้านใหม่ อำเภอกระทุ่มแบน จ.นนทบุรี 11120","","","","","","","S002","","0","Shinwa Anzen"
"C00459","ห้างหุ้นส่วนจำกัด ยูเฮ้าส์ เซอร์วิส","","","","55/374 หมู่ที่ 5 ตำบลบางคูวัด อำเภอเมืองปทุมธานี จังหวัดปทุมธานี","","","","","","","S002","","0","Shinwa Anzen"
"C00460","คุณ ยุวรี จุลยา","","","","68/160 ซอยสุขุมวิท 24 แขวงคลองตัน เขตคลองเตย กรุงเทพมหานคร 10110","","","","","","","S002","","0","Shinwa Anzen"
"C00461","นิติบุคคลอาคารชุด โนเบิล บี เทอร์ตี้ทรี","","","","19 ซอยสุขุมวิท 33 (แดงอุดม) แขวงคลองตันเหนือ เขตวัฒนา กรุงเทพมหานคร 10110","","","","","","","S002","","0","Shinwa Anzen"
"C00462","68/456","","","","68/456 ซอยสุขุมวิท 24 แขวงคลองตัน เขตคลองเตย กรุงเทพมหานคร","","","","","","","S002","","0","Shinwa Anzen"
"C00463","คุณนิธิศ นนท์วราเวช","","","","Unit 902 185 Ratchadamri Rd, Lumphini, Pathum Wan District, Bangkok 10330","","","","","","","S002","","0","Shinwa Anzen"
"C00464","นิติบุคคลอาคารชุด แอทโมซ ลาดพร้าว 15","","02-059-4477","","477 ซอยลาดพร้าว 15 แขวงจอมพล เขตจตุจักร กรุงเทพมหานคร 10900","","","02-059-4477","","","","S002","","0","Shinwa Anzen"
"C00465","นิติบุคคลอาคารชุด ริช พาร์ค แอท ทริปเปิ้ลสเตชั่น","","","","591 ถนนศรีนครินทร์ สวนหลวง กรุงเทพมหานคร","","","","","","","S002","","0","Shinwa Anzen"
"C00466","Oriental Realty (Thailand) Co.Ltd,.","","","","2 Jasmine Bldg., Room No.1, 12th Floor, Soi Sukhumvit 23 (Prasanmitr), Sukhumvit Rd., Klongtoey Nua, Wattana, BANGKOK 10110","","","","","","","S002","","0","Shinwa Anzen"
"C00467","นิติบุคคลอาคารชุด เดอะลอฟท์ เอกมัย","","02-3920065","","1415 ถนนสุขุมวิท แขวงพระโขนงเหนือ เขตวัฒนา กรุงเทพมหานคร 10110","","","02-3920065","","","","S002","","0","Shinwa Anzen"
"C00468","Thai Future Technology Co.Ltd,.","","","","5/27 M.3 Bangmueng District, Mueng, Samutprakan 10270","","","","","","","S002","","0","Shinwa Anzen"
"C00469","บ. นานมี จำกัด","","","","146 ถ.สาทรเหนือ แขวงสีลม เขตบางรัก กรุงเทพมหานคร 10500","","","","","","","S002","","0","Shinwa Anzen"
"C00470","นิติบุคคลอาคารชุด เดอะคิวบ์สเตชั่น รามอินทรา 109","","09-7020-6506","","109/407 ถ.พระยาสุเรนทร์ แขวงมีนบุรี เขตมีนบุรี กทม. 10510","","","09-7020-6506","","","","S002","","0","Shinwa Anzen"
"C00471","นิติบุคคลอาคารชุด Brigh Sukhumvit 24","","0-2160-6655","","สุขุมวิท 24 แขวงคลองตัน เขตคลองเตย กทม.","","","0-2160-6655","","","","","","0","Shinwa Anzen"
"C00472","Mr. Hiroshi Yoshida","","08-8088-4754","","Vasu1 Building, Room 1503, Floor 15, Sai 25 Sukhumvit, Klongtoey-Nua, Wattana, Bangkok. 10110","","","08-8088-4754","","","","S002","","0","Shinwa Anzen"
"C00473","KISS OF BEAUTY CO.,LTD.","","","","32nd Floor, Sorachai Building, 23/126-127, 23132-133/ Soi Sukhumvit 63, Klongton-Nua, Wattana, Bangkok 10110","","","","","","","S002","","0","Shinwa Anzen"
"C00474","นิติบุคคลอาคารชุด เอสเซ็นท์ ระยอง","","","","89 ถนนบางนา-ตราด ตำบลเชิงเนิน อำเภอเมืองระยอง จังหวัดระยอง 21000","","","","","","","S002","","0","Shinwa Anzen"
"C00475","นิติบุคคลอาคารชุด ชาโตว์ อินทาวน์ พระราม8","","0803476983","","1575 ถนนอรุณอรินทร์ แขวงบางยี่ขัน เขตบางพลัด กทม.","","","0803476983","","","","S002","","0","Shinwa Anzen"
"C00476","นิติบุคคลอาคารชุด อมันตา ลุมพินี","","02-671-3376, 086-335-8860","","1144 ถนนพระรามที่ 4 แขวงทุ่งมหาเมฆ เขตสาทร กรุงเทพมหานคร 10120","","","02-671-3376, 086-335-8860","","","","S002","","0","Shinwa Anzen"
"C00477","บริษัท อนาคต จำกัด","","02-710-3277","","เลขที่ 5 ถนนกรุงเทพกรีฑา แขวงหัวหมาก เขตบางกะปิ กรุงเทพมหานคร 10240","","","02-710-3277","","","","S002","","0","Shinwa Anzen"
"C00478","อาคารชุด เซียล่า ศรีปทุม","","","","2999 ถนนพหลโยธิน แขวงลาดยาว เขตจตุจักร กรุงเทพมหานคร","","","","","","","S002","","0","Shinwa Anzen"
"C00479","บริษัท สแกนดิเทค จำกัด","","038-251896","","267/65 หมู่ที่ 12 ตำบลหนองปรือ อำเภอบางละมุง จ.ชลบุรี 20150","","","038-251896","","","","S002","","0","Shinwa Anzen"
"C00480","นิติบุคคลอาคารชุด แชมเบอร์ส อ่อนนุช สเตชั่น","","02-0039186, 095-737-5081","","8 .สุขุมวิท 81 แขวงบางจาก เขตพระโขนง กรุงเทพมหานคร 10260","","","02-0039186, 095-737-5081","","","","S002","","0","Shinwa Anzen"
"C00481","นิติบุคคลอาคารชุด ไอดีโอ โมบิ สุขุมวิท 40","","","","2 ซอยสุขใจ(แยกบ้านกล้วยใต้) แขวงพระโขนง เขตคลองเตย กรุงเทพมหานคร 10110","","","","","","","S002","","0","Shinwa Anzen"
"C00482","บริษัท จิวเวลรี่ พลาเนท จำกัด","","","","199 นิคมอุตสาหกรรมลาดกระบัง ซอยฉลองกรุง 31 แขวงลำปลาทิว เขตลาดกระบัง กรุงเทพมหานคร 10520","","","","","","","S002","001","0","Shinwa Anzen"
"C00483","นิติบุคคลอาคารชุด วี คอนโด","","","","11 ถนนประดิษฐ์มนูธรรม แขวงท่าแร้ง เขตบางเขน กรุงเทพมหานคร 10230","","","","","","","S002","","0","Shinwa Anzen"
"C00484","บริษัท สหการค้า อินเตอร์เทรด จำกัด","","081-781-7305","","430 ซ.พุทธมณฑลสาย 1 ซอย 22 แขวงบางระมาด เขตตลิ่งชัน กรุงเทพมหานคร 10170","","","081-781-7305","","","","S002","","0","Shinwa Anzen"
"C00485","นิติบุคคลอาคารชุด เดอะไรซ์","","086-321-9015","","15 ซ.พร้อมมิตร ถ.สุขุมวิท คลองตันเหนือ วัฒนา กรุงเทพมหานคร 10110","","","086-321-9015","","","","S002","","0","Shinwa Anzen"
"C00486","บ. มโหฬาร ทรานสปอร์ต แอนด์ ดิสทริบิวชั่น จำกัด","","","","109/3 ถนนพระราม 4 แขวงลุมพินี เขตปทุมวัน กรุงเทพมหานคร 10330","","","","","","","S002","","0","Shinwa Anzen"
"C00487","ห้างหุ้นส่วนจำกัด พรศักดิ์ โฮมเซ็นเตอร์","","053 412705","","144 ถ.เชียงใหม่-ลำปาง ต.ช้างเผือก อ.เมืองเชียงใหม่ จ.เชียงใหม่ 50300","","","053 412705","","","","S002","","0","Shinwa Anzen"
"C00488","บริษัท เดอะ แมทบ็อกซ์ จำกัด","","","","446/57 ห้อง H ชั้น 5 ถนนสุขุมวิท 71 แขวงพระโขนงเหนือ เขตวัฒนา กรุงเทพมหานคร 10110","","","","","","","S002","","0","Shinwa Anzen"
"C00489","บ. แสงอุดมชัย จำกัด","","025385562","","1485 ถนนพระราม6 ปทุมวัน กรุงเทพมหานคร","","","025385562","","","","S002","","0","Shinwa Anzen"
"C00490","นิติบุคคลอาคารชุด เซนทริโอ คอนโดมิเนียม ภูเก็ต","","","","101 ม.4 ต.วิชิต อ.เมืองภูเก็ต จ.ภูเก็ต 83000","","","","","","","S002","","0","Shinwa Anzen"
"C00491","โรงพยาบาลสรรพสิทธิประสงค์","","","","122 ถนนสรรพสิทธิ์ ตำบลในเมือง อำเภอเมือง จ.อุบลราชธานี","","","","","","","S001","","0","Shinwa Anzen"
"C00492","นิติบุคลอาคารชุด เดอะไลน์ พหลโยธิน พาร์ค อาคาร เอ","","","","1076 ถนนพหลโยธิน แขวงจอมพล เขตจตุจักร กรุงเทพมหานคร 10900","","","","","","","S002","","0","Shinwa Anzen"
"C00493","บริษัท ไรมอน แลนด์ ยูนิกซ์ จำกัด","","","","3 อาคารรัจนาการ ชั้นที่ 19 ถนนสาทรใต้ แขวงยานนาวา เขตสาทร กรุงเทพมหานคร 10120","","","","","","","S002","","0","Shinwa Anzen"
"C00494","นิติบุคคลอาคารชุด ไอดีโอ คิว สุขุมวิท 36","","","","26 ซอยสุขุมวิท 36 แขวงคลองตัน เขตคลองเตย กรุงเทพมหานคร 10110","","","","","","","S002","","0","Shinwa Anzen"
"C00495","นิติบุคคลอาคารชุด เดอะคิวบ์ พลัส มีนบุรี","","","","เลขที่ 9 ถนนสีหบุรานุกิจ แขวงมีนบุรี เขตมีนบุรี กรุงเทพมหานคร 10510","","","","","","","S002","","0","Shinwa Anzen"
"C00496","นิติบุคคลอาคารชุด พลัม คอนโด เซ็นทรัล สเตชัน เฟส2","","090-265-8212","","189 หมู่ 6 ถ.รัตนาธิเบศร์ ต.เสาธงหิน อบางใหญ่ .จ.นนทบุรี 11140","","","090-265-8212","","","","S002","","0","Shinwa Anzen"
"C00497","LANDMARK TRADING GROP","","","","41/2 ม.6 ต.บางรักพัฒนา อ.บางบัวทอง จนนทบุรี.","","","","","","","S002","","0","Shinwa Anzen"
"C00498","นิติบุคคลอาคารชุด เดอะรูม สุขุมวิท21","","0819843201","","เลขที่ 201 ถนนอโศกมนตรี ซอยสุขุมวิท21 แขวงคลองเตยเหนือ เขตวัฒนา กรุงเทพมหานคร 10100","","","0819843201","","","","S002","","0","Shinwa Anzen"
"C00499","นิติบุคคลอาคารชุด นิช โมโน อิสรภาพ","","061-175-9461","","399 ถนนอิสรภาพ แขวงวัดอรุณ เขตบางกอกใหญ่ กรุงเทพมหานคร 10600","","","061-175-9461","","","","S002","","0","Shinwa Anzen"
"C00500","นิติบุคคลอาคารชุด คิวหลังสวน","","66 (0) 2 250 1001-3","66 (0) 2 250 1920","54 ซอยหลังสวน แขวงลุมพินี เขตปทุมวัน กรุงเทพมหานคร 10330","","","66 (0) 2 250 1001-3","","","","S002","","0","Shinwa Anzen"
"C00501","ดิอารีย์ คอนโดมิเนียม","","","","88 ซ.อารีย์ 4 ถ.พหลโยธิน 7 แขวงสามเสนใน เขตพญาไท กทม. 10400","","","","","","","S002","","0","Shinwa Anzen"
"C00502","นิติบุคคลหมู่บ้านจัดสรรเดอะคัลเลอร์ส พรีเมี่ยม กาญจนาภิเษก-","","","","68 หมู่ 6 ต.ไทรน้อย อ.ไทรน้อย จ.นนทบุรี 11150","","","","","","","S002","","0","Shinwa Anzen"
"C00503","บริษัท ดิ เอ็นเนอร์ไจซ์ จำกัด (สำนักงานใหญ่)","","","","152/99 ถ.พัฒนาชนบท 4 แขวงคลองสองต้นนุ่น เขตลาดกระบัง กรุงเทพมหานคร 10520","","","","","","","S002","","0","Shinwa Anzen"
"C00504","นิติบุคคลอาคารชุด แอมเบอร์","","","","254 ซ.กรุงเทพ-นนท์ 14 ถ.กรุงเทพ-นนท์ ต.บางเขน อ.เมืองนนทบุรี จ.นนทบุรี 11000","","","","","","","S002","","0","Shinwa Anzen"
"C00505","บริษัท พาวเวอร์ ซันไลท์ เอ็นจิเนียริ่ง จำกัด","","","","223/189 หมู่ 4 ตำบลปากเกร็ด อำเภอปากเกร็ด จ.นนทบุรี 11120","","","","","","","S002","","0","Shinwa Anzen"
"C00506","นิติบุคคลอาคารชุด โนเบิล ไลท์","","086-3692004","","46 ซ.อารีย์ 1 แขวงสามเสนใน เขตพญาไท กรุงเทพมหานคร 10400","","","086-3692004","","","","S002","","0","Shinwa Anzen"
"C00507","บริษัท สมาร์ท เทค อินดัสตรี จำกัด","","035-473901-2","","55 หมู่ 1 ตำบลทุ่งคอก อำเภอสองพี่น้อง จังหวัดสุพรรณบุรี 72110","","","035-473901-2","","","","S002","","0","Shinwa Anzen"
"C00508","นิติบุคคลอาคารชุด เดอะพาร์คแลนด์ เพชรเกษม-ท่าพระ","","","","99 ถนนเพชรเกษม แขวงวังท่าพระ เขตบางกอกใหญ่ กรุงเทพมหานคร 10600","","","","","","","S002","","0","Shinwa Anzen"
"C00509","นิติบุคคลอาคารชุด ซิลค์ สนามเป้า คอนโดมิเนียม","","","","11 ซอยพหลโยธิน 3 ถนนพหลโยธิน แขวงพญาไท เขตพญาไท กทม. 10400","","","","","","","S002","","0","Shinwa Anzen"
"C00510","บริษัท วิชดอม พินนาเคิล คอร์ปอเรชั่น จำกัด","","","","695 ซอยสุขุมวิท 50 ถนนสุขุมวิท แขวงพระโขนง เขตคลองเตย กทม. 10110","","","","","","","S002","","0","Shinwa Anzen"
"C00511","บริษัท เสนา เอชเอชพี 11 จำกัด","","","","448 ถนนรัชดาภิเษก แขวงสามเสนนอก เขตห้วยขวาง กรุงเทพมหานคร","","","","","","","S002","","0","Shinwa Anzen"
"C00512","So Kennedy Wei Chun","","","","Park 24 Sukhumvit24 alley, Khlong Tan, Khlong Toei Bangkok","","","","","","","S001","","0","Shinwa Anzen"
"C00513","บริษัท ท่าอากาศยานไทย จำกัด (มหาชน)","","","","สาขาท่าอากาศยานสุวรรณภูมิ (00006) 999 หมู่ 1 ต.หนองปรือ อ.บางพลี จ.สมุทรปราการ 10540","","","","","","","S002","","0","Shinwa Anzen"
"C00514","นิติบุคคลอาคารชุด เดอะดิโพลแมท สาทร","","064-621-5888","","158 ถนนสาทรเหนือ แขวงสีลม เขตบางรัก กรุงเทพมหานคร","","","064-621-5888","","","","S002","","0","Shinwa Anzen"
"C00515","บริษัท วินฟินิตี้ โกลบอล จำกัด","","","","230/149 ซ.ลาดพร้าว 1 แขวงจอมพล เขตจตุจักร กรุงเทพมหานคร 10900","","","","","","","S002","","0","Shinwa Anzen"
"C00516","นิติบุคคลอาคารชุด โนเบิล อราวน์ สุขุมวิท 33","","02-006-3474, 080-009-9647","","เลขที่ 17 ซอยสุขุมวิท 33 (แดงอุดม) ถนนสุขุมวิท แขวงคลองตันเหนือ เขตวัฒนา กรุงเทพมหานคร 10110","","","02-006-3474, 080-009-9647","","","","S002","","0","Shinwa Anzen"
"C00517","คุณเบญญาภา พันธุ์ปรีชากิจ","","","","189/8 ซ.สุขุมวิท 46 แขวงพระโขนง เขตคลองเตย กรุงเทพมหานคร 10110","","","","","","","S002","","0","Shinwa Anzen"
"C00518","นิติบุคคลอาคารชุด เดอะลอฟท์ อโศก","","02-258-5801-2","","243 ถนนสุขุมวิท 21 (อโศก) แขวงคลองเตยเหนือ เขตวัฒนา กรุงเทพมหานคร 10110","","","02-258-5801-2","","","","S002","","0","Shinwa Anzen"
"C00519","เอสเทลล์ พร้อมพงษ์","","","","","","","","","","","S002","","0","Shinwa Anzen"
"C00520","ชีวาทัย เรสซิเด้นซ์ อโศก","","","","295 ถ.อโศก-ดินแดง แขวงมักกะสัน เขตราชเทวี กรุงเทพมหานคร 10400","","","","","","","S002","","0","Shinwa Anzen"
"C00521","นิติบุคคลอาคารชุด อัลติจูด ยูนิคอร์น สาทร-ท่าพระ","","","","9 ถ.ราชพฤกษ์(ตากสิน-เพชรเกษม) แขวงตลาดพูล เขตธนบุรี กรุงเทพมหานคร 10600","","","","","","","S002","","0","Shinwa Anzen"
"C00522","นิติบุคคลอาคารชุด ดิเอสเทลล์ พร้อมพงษ์","","","","131 ซ.สุขุมวิท26 แขวงคลองตัน เขตคลองเตย กรุงเทพมหานคร 10110","","","","","","","S002","","0","Shinwa Anzen"
"C00523","นิติบุคคลอาคารชุด รีเกิล คอนโด","","0972962214","","49 ถ.นราธิวาสราชนครินทร์ แขวงทุ่งมหาเมฆ เขตสาทร กรุงเทพมหานคร 10120","","","0972962214","","","","S002","","0","Shinwa Anzen"
"C00524","บริษัท ฮุซซ่า จำกัด","","","","479/924 ถ.ทหารบก ต.บ่อพลับ อ.เมืองนครปฐม จ.นครปฐม 73000","","","","","","","S002","","0","Shinwa Anzen"
"C00525","นิติบุคคลอาคารชุด เดอะเซนต์ เรสิเดนเซส","","","","588 ถ.วิภาวดีรังสิต แขวงจอมพล เขตจตุจักร กรุงเทพมหานคร 10900","","","","","","","S002","","0","Shinwa Anzen"
"C00526","บริษัท เจเอส โฮม แมนเนจเม้นท์ จำกัด","","","","36/105 อาคาร เอส ทาวเวอร์ ชั้นที่ 33 ถนนสุขุมวิท 21 (อโศก) แขวงคลองเตยเหนือ เขตวัฒนา กรุงเทพมหานคร","","","","","","","S002","","0","Shinwa Anzen"
"C00527","นิติบุคคลอาคารชุด เมทริส พระราม9-รามคำแหง","","097-335-6990","","51/1 ถ.พระราม9 แขวงหัวหมาก เขตบางกะปิ กรุงเทพมหานคร 10240","","","097-335-6990","","","","S002","","0","Shinwa Anzen"
"C00528","นิติบุคคลอาคารชุด เดอะฮัดสัน","","092-062-0547","","131 ถนนสาทรใต้ แขวงทุ่งมหาเมฆ เขตสาทร กรุงเทพมหานคร 10120","","","092-062-0547","","","","S002","","0","Shinwa Anzen"
"C00529","นิติบุคคลอาคารชุด เดอะเบส สะพานใหม่","","02-116-6655","","252/10 ถนนพหลโยธิน แขวงอนุสาวรีย์ เขตบางเขน กรุงเทพมหานคร 10220","","","02-116-6655","","","","S002","","0","Shinwa Anzen"
"C00530","นิติบุคคลอาคารชุด คลาวด์ ทองหล่อ-เพชรบุรี","","","","1986 ถนนเพชรบุรีตัดใหม่ แขวงบางกะปิ เขตห้วยขวาง กรุงเทพมหานคร 10310","","","","","","","S002","","0","Shinwa Anzen"
"C00531","ปวิน คชเสนี","","","","พาร์ด ออริจิน พร้อมพงษ์ (พาร์ค 24) 68/255 ชั้น 23 สุขุมวิท 24 แขวงคลองตัน เขตคลองเตย กรุงเทพฯ 10110","","","","","","","","","0","Shinwa Anzen"
"C00532","Johnson & Johnson (Thailand) Limited","","02-725-3000","","106 Moo 4, Latkrabang Industrial Estate, Chalongkrung Road, Lumplatew, Latkrabang, Bangkok 10520","","Apichai Jirawattanasiri","02-725-3000","","","","S002","","0","Shinwa Anzen"
"C00533","สำนักงานนิติบุคคลอาคารชุด ไอดีโอ โมบิ สุขุมวิท-อีสท์เกต","","064-771-5488","","4371 ถ.สุขุมวิท แขวงบางนา เขตบางนา กรุงเทพมหานคร 10260","","","064-771-5488","","","","S002","","0","Shinwa Anzen"
"C00534","นิติบุคคลอาคารชุด นอร์ทพ้อยท์","","","","456/164 หมู่ 5 ซอยนาเกลือ 16 ต.นาเกลือ อำเภอบางละมุง จ.ชลบุรี 20150","","","","","","","S002","","0","Shinwa Anzen"
"C00535","นิติบุคคลอาคารชุด ควีนทารา ทรีเฮาส์ สุขุมวิท 42","","","","56 ซอยสมานฉันท์-บาร์โบส แขวงพระโขนง เขตคลองเตย กรุงเทพมหานคร 10110","","","","","","","S002","","0","Shinwa Anzen"
"C00536","คุณณรัณ ธรรมาวรานุคุปต์","","","","47 ซอยวิภาวดีรังสิต 16 แขวงดินแดง เขตดินแดง กรุงเทพมหานคร 10400","","","","","","","S002","","0","Shinwa Anzen"
"C00537","นิติบุคคลอาคารชุด โนเบิล สเตท 39","cjp.noblestate39","0955048844","","35 ซอยสุขุมวิท 39 (พร้อมพงษ์) ถนนสุขุมวิท แขงคลองตันเหนือ เขตวัฒนา กรุงเทพฯ 10110","","","0955048844","cjp.noblestate39","","","","","0","Shinwa Anzen"
"C00538","นิติบุคคลอาคารชุด ซาริ บาย แสนสิริ","","","","36 ซอยสุขุมวิท64 แขวงบางจาก เขตพระโขนง กรุงเทพมหานคร 10260","","","","","","","S002","","0","Shinwa Anzen"
"C00539","นิติบุคคลอาคารชุดโนเบิล แอมเบียนส์ สุขุมวิท 42","","084-1123486","","เลขที่ 55 ซอยสุขใจ (แยกบ้านกล้วยใต้) ถนนสุขุมวิท 42 แขวงพระโขนง เขตคลองเตย กรุงเทพมหานคร 10110","","","084-1123486","","","","S002","","0","Shinwa Anzen"
"C00540","นิติบุคคลอาคารชุดวิสซ์ดอม คอนเนค","","","","อาคารชุดวิสซ์ดอม คอนเนค เลขที่ 1 ซอยปิยะบุตร์ 1 ถ.สุขุมวิท แขวงบางจาก เขตพระโขนง กรุงเทพมหานคร 10260","","","","","","","S002","","0","Shinwa Anzen"
"C00541","บริษัท รุ่งกิจ เรียลเอสเตท จำกัด","","","","59/53 ถนนกาญจนาภิเษก แขวงราษฎร์พัฒนา เขตสะพานสูง กรุงเทพมหานคร 10240","","","","","","","S002","","0","Shinwa Anzen"
"C00542","นิติบุคคลอาคารชุด Present Ekachai","","","","55/393 แขวงบางขุนเทียน เขตจอมทอง กรุงเทพมหานคร 10150","","","","","","","S002","","0","Shinwa Anzen"
"C00543","นิติบุคคลอาคารชุด ดิเอส แอท สิงห์ คอมเพล็กซ์","","065-731-5882, 065-569-6136","","1788/1 ถ.เพชรบุรีตัดใหม่ แขวงบางกะปิ เขตห้วยขวาง กรุงเทพมหานคร 10310","","","065-731-5882, 065-569-6136","","","","S002","","0","Shinwa Anzen"
"C00544","นิติบุคคลอาคารชุด เดอะ สแตรนด์","","","","36 ซอยสุขุมวิท 55 แขวงคลองตันเหนือ เขตวัฒนา กรุงเทพมหานคร 10110","","","","","","","S002","","0","Shinwa Anzen"
"C00545","BLUE SUKHUMVIT 89","","","","เลขที่ 28 ซอย สุขุมวิท 89 แขวงบางจาก เขตพระโขนง กรุงเทพมหนคร 10260","","","","","","","S002","","0","Shinwa Anzen"
"C00546","นิติบุคคลอาคารชุด เดอะลอฟท์ สีลม","","","","เลขที่ 33 ถนนประมวญ แขวงสีลม เขตบางรัก กรุงเทพมหานคร 10500","","","","","","","S002","","0","Shinwa Anzen"
"C00547","บริษัท แสงฟ้าก่อสร้าง จำกัด","","","","3785/1-2, 3785/5-6 ถนนพระรามที่ 4 แขวงพระโขนง เขตคลองเตย กรุงเทพมหานคร 10110","","","","","","","S002","","0","Shinwa Anzen"
"C00548","คุณภูมิพัฒน์ สินาเจริญ","","","","778/83 ถนนสุขุมวิท แขวงคลองตัน เขตคลองเตย กรุงเทพมหานคร 10110","","","","","","","","","0","Shinwa Anzen"
"C00549","นิติบุคคลอาคารชุด วิธีมรางน้ำ","","","","10 ถนนรางน้ำ แขวงถนนพญาไท เขตราชเทวี กรุงเทพมหานคร 10400","","","","","","","S002","","0","Shinwa Anzen"
"C00550","นิติบุคคลอาคารชุด เดอะทรีอ่อนนุช สเตชั่น","","","","2 ซอยสุขุมวิท 54 แขวงบางจาก เขตพระโขนง กรุงเทพมหานคร 10260","","","","","","","S002","","0","Shinwa Anzen"
"C00551","นิติบุคคลอาคารชุด เอช สุขุมวิท 43 คอนโดมิเนียม","","","","99 ซอยสุขุมวิท 43 แขวงคลองตันเหนือ เขตวัฒนา กรุงเทพมหานคร 10110","","","","","","","S002","","0","Shinwa Anzen"
"C00552","นิติบุคคลอาคารชุด แอสปาย เอราวัณ ไพร์ม","","092-2747641","","66 ถนนสุขุมวิท ตำบลปากน้ำ อำเภอเมือง จังหวัดสมุทรปราการ 10270","","","092-2747641","","","","S002","","0","Shinwa Anzen"
"C00553","นิติบุคคลอาคารชุด ไอดีโอ โมบิ สุขุมวิท 66","","02-0366696","","2552 ถนนสุขุมวิท แขวงบางนาเหนือ เขตบางนา กรุงเทพมหานคร 10260","","","02-0366696","","","","S002","","0","Shinwa Anzen"
"C00554","คุณสหชาต ธันยามาศรัตน์","","","","พาร์ค ออริจิน พร้อมพงษ์ (พาร์ค 24) 68 ซอยสุขุมวิท 24, คลองตัน, คลองเตย, กรุงเทพ 10110","","","","","","","S002","","0","Shinwa Anzen"
"C00555","บริษัท มหาจักร อิเล็คทริค (ประเทศไทย) จำกัด","","","","5 ซอยพระยามนธาตุฯ แยก 20 แขวงคลองบางบอน เขตบางบอน กรุงเทพมหานคร 10150","","","","","","","S002","","0","Shinwa Anzen"
"C00556","บริษัท โซเด็กซ์โซ่ เซอร์วิสเซส (ประเทศไทย) จำกัด","","","","เลขที่ 23/52-54 อาคารสรชัย ชั้น 17 ซอยสุขุมวิท 63 ถ.สุขุมวิท แขวงคลองตันเหนือ เขตวัฒนา กรุงเทพมหานคร 10110","","","","","","","S002","","0","Shinwa Anzen"
"C00557","นิติบุคคลอาคารชุด วินน์ พหลโยธิน 52","","098-279-8681","","81 ซอยพหลโยธิน 52 แขวงคลองถนน เขตสายไหม กรุงเทพมหานคร 10200","","","098-279-8681","","","","S002","","0","Shinwa Anzen"
"C00558","บริษัท โช ซีเคียวริตี้ ซีสเต็ม จำกัด","","","","81 ถนนเสรี 2 แขวงหัวหมาก เขตบางกะปิ กรุงเทพมหานคร 10240","","","","","","","S002","","0","Shinwa Anzen"
"C00559","บริษัท ไอที คอนเวอร์เจ้นท์ จำกัด","","097-978-9394","","188/159 หมู่บ้านบ้านใหม่ เทพารักษ์-วงแหวน หมู่ที่ 3 ถ.เทพารักษ์ ต.บางพลีใหญ่ อ.บางพลี จ.สมุทรปราการ 10540","","","097-978-9394","","","","S002","","0","Shinwa Anzen"
"C00560","ห้างหุ้นส่วนจำกัด ที.พี.ซัพพลาย จำกัด","","02-00-9784, 081-376-4273","","99/70 หมู่บ้านร่วมสุขวิลล่า ซอยสายไหม 22 แขวงสายไหม เขตสายไหม กรุงเทพมหานคร 10220","","","02-00-9784, 081-376-4273","","","","S002","","0","Shinwa Anzen"
"C00561","นิติบุคคลอาคารชุด บลู สุขุมวิท 105","","","","เลขที่ 8 ซอยลาซาล 57 แขวงบางนาใต้ เขตบางนา กรุงเทพมหานคร 10260","","","","","","","S002","","0","Shinwa Anzen"
"C00562","บริษัท โปรดักซ์ เวิลด์ เซฟตี้ จำกัด","","","","เลขที่ 19/18 หมู่ 7 ซอย อบต. คลองข่อย ถนน 345 ต.คลองข่อย อ.ปากเกร็ด นนทบุรี 11120","","คุณชลิต มหาชัยชนะ","","","","","","","0","Shinwa Anzen"
"C00563","นิติบุคคลอาคารชุด เทตต์ สาทร ทเวลฟ์","","","","189 ซอยศึกษาวิทยา แขวงสีลม เขตบางรัก กรุงเทพมหานคร 10500","","","","","","","S002","","0","Shinwa Anzen"
"C00564","MR. KA YEUNG KO","","","","พาร์ด ออริจิน พร้อมพงษ์ พาร์ค 25 อาคาร บี ห้อง 68/58 ชั้น 6 68 ซอยสุขุมวิท 24, คลองตัน, คลองเตย, กรุงเทพฯ 10110","","","","","","","","","0","Shinwa Anzen"
"C00565","นาย บาซะ ศิริโกมลสิงห์","","","","47/3 ถนนสรรพาวุธ แขวงบางนาใต้ เขตบางนา กรุงเทพมหานคร 10260","","","","","","","S002","","0","Shinwa Anzen"
"C00566","นิติบุคคลอาคารชุด เดอะ ไพรเวซี่ จตุจักร","","093-310-5017","","586 ถนนวิภาวดีรังสิต แขวงจอมพล เขตจตุจักร กรุงเทพมหานคร 10900","","","093-310-5017","","","","S002","","0","Shinwa Anzen"
"C00567","Mr.Quah boon Leng","","","","88/91 IDEO Morph38 Condominium Khwaeng Phrakhanong Khet Khlongtoey Bangkok 10110","","","","","","","S001","","0","Shinwa Anzen"
"C00568","นิติบุคคลอาคารชุด นิช โมโน เมกะ สเปช บางนา","","098-018-4242","","78 ถ.บางนา-ตราด ตำบลบางแก้ว อำเภอบางพลี จ.สมุทรปราการ 10540","","","098-018-4242","","","","S002","","0","Shinwa Anzen"
"C00569","นิติบุคคลอาคารชุด เมโทร ลักซ์ รัชดา","","090-9841923","","เลขที่ 461 ซอยอินทามระ 47 แขวงดินแดง เขตดินแดง กรุงเทพมหานคร 10400","","","090-9841923","","","","S002","","0","Shinwa Anzen"
"C00570","นิติบุคคลไนท์บริดจ์ ไพร์ม อ่อนนุช","","096-8945578","","เลขที่ 98 ซอยสุขุมวิท 77 (อ่อนนุช) แขวงพระโขนงเหนือ เขตวัฒนา กรุงเทพมหานคร 10110","","","096-8945578","","","","S002","","0","Shinwa Anzen"
"C00571","บริษัท โจนส์ แลงลาซาลล์ แมนเนจเม้นท์ จำกัด","","","","88 อาคารเดอะปาร์ค ชั้น 10 ถ.รัชดาภิเษก แขวงคลองเตย เขตคลองเตย กรุงเทพมหานคร 10110","","","","","","","S002","","0","Shinwa Anzen"
"C00572","บริษัท เคพีพี เน็ตเวิร์ค จำกัด","","","","68/292 ซอยสายไหม 43 แขวงสายไหม เขตสายไหม กรุงเทพมหานคร 10220","","","","","","","S002","","0","Shinwa Anzen"
"C00573","นิติบุคคลอาคารชุด นอตติ้ง ฮิลล์ สุขุมวิท 105","","062-254-9927","","เลขที่ 19 ถนนลาซาล แขวงบางนาใต้ เขตบางนา กรุงเทพมหานคร 10260","","","062-254-9927","","","","S002","","0","Shinwa Anzen"
"C00574","บริษัท จัสคอล ออฟฟิศ ซัพพลาย จำกัด","","02-385-2114","","11/14 หมู่ 2 ถนนศรีนครินทร์ ตำบลบางแก้ว อำเภอบางพลี จ.สมุทรปราการ 10540","","","02-385-2114","","","","S002","","0","Shinwa Anzen"
"C00575","คุณอัว","","","","ห้อง 68/448 ตึก 2 ชั้น 39 Park 24 สุขมวิท24 10110","","คุณสุชาดา ท้วมประถม","","","","","S002","","0","Shinwa Anzen"
"C00576","นิติบุคคลหมู่บ้านจัดสรร โกลเด้น นีโอ สาทร","","065-9020159","","159 หมู่ 11 แขวงบางขุนเทียน เขตจอมทอง กรุงเทพมหานคร 10150","","","065-9020159","","","","S002","","0","Shinwa Anzen"
"C00577","นิติบุคคลอาคารชุด เดอะคาบาน่า","","","","99 หมู่ 1 ต.สำโรง อ.พระประแดง จ.สมุทรปราการ 10130","","","","","","","S002","","0","Shinwa Anzen"